"campaign_id","name","channel","send_time","recipients","delivered","open_rate","click_rate","conversion_uniques","conversion_value","unsubscribe_rate","spam_rate"
"01JZB9XWA24PKBVPJWJ5TTZECQ","Retailles infolettre","email","July 05, 2025, 11:30",24636,24489,0.4698,0.00588,6,442.51,0.01045,0.00004
"01JZWQJMSSEQ3RMDX0SX8R0Q9H","Juillet bombes et plus 2025","email","July 12, 2025, 11:45",20494,20432,0.53431,0.03426,34,1928.11,0.01375,0
"01K0H6JNJDDKNYGDKNXA79T5HQ","July sale EN-US","email","July 19, 2025, 12:45",6344,6306,0.50095,0.02299,5,97.44,0.0241,0.00159
"01K0HAEV8EQ4KDSXM3BW842ARB","July sale EN-CA","email","July 19, 2025, 12:45",3378,3348,0.62993,0.03704,4,164.94,0.01792,0.0003
"01K1E5ECQS1R97WK7D67NGRGKV","Back to school 2025 FR","email","August 02, 2025, 12:00",20182,20082,0.5494,0.02296,15,1787.09,0.01509,0.00005
"01K1N4AKQ9RQEQZH96Y04E5MZH","Suivi manteaux","email","August 02, 2025, 10:21",218,215,0.92093,0.72093,0,0,0,0
"01K2MBZYMP6JVGJJ2FX2HSPX2Y","Back to school #2 2025 FR","email","August 16, 2025, 11:30",23523,23392,0.47473,0.02142,16,1848.82002,0.01077,0.00021
"01K3VM1B33E37HQ7P05V9MVPTG","Réchauffement prévente 2025 #1 FR","email","August 30, 2025, 12:00",20680,20586,0.5377,0.03187,6,702.57,0.01088,0.00015
"01K3WBN3D075B8VP7WXC2052YV","Warmup presale 2025 #1","email","August 30, 2025, 13:00",9616,9537,0.51232,0.03167,18,1322.52999,0.01531,0.00105
"01K4FBE9EXEK73MFCS6DP4XVK6","follow-up Réchauffement prévente 2025 #1 FR","email","September 06, 2025, 11:30",13106,13067,0.28155,0.01936,1,81.6,0.01592,0.00061
"01K4FBQBKCEFETQ5FZWMMRYQBJ","follow-up Warmup presale 2025 #1","email","September 06, 2025, 13:00",6126,6092,0.29547,0.01888,12,682.57001,0.00936,0.00098
"01K4FC5QGHFSN9C5272PXQ5WG1","Warm-up presale 2025 #2 EN","email","September 06, 2025, 13:15",4396,4385,0.84059,0.03238,7,283.77,0.01802,0.00068
"01K4FNF05Q4V5JYEEW6KKNFC8P","Réchauffement prévente 2025 #2","email","September 06, 2025, 14:15",10548,10543,0.8675,0.05378,8,1074.13,0.01053,0
"01K4TJR71KRRTXB925DQKJ31Z5","follow-up Réchauffement prévente 2025 #2 FR","email","September 11, 2025, 15:00",8134,8132,0.1349,0.00996,6,969.43,0.00566,0
"01K4TK8YBQRRW3Q594W2PYJAV3","follow-up Warmup presale 2025 #2","email","September 11, 2025, 15:00",3487,3471,0.14347,0.00922,2,197.29,0.00634,0.00058
"01K4TKZYJKRWVGTTMNFWYYWJ7H","Réchauffement #3 FR Prévente 2025","email","September 11, 2025, 14:30",12967,12963,0.81254,0.05277,40,6348.47003,0.01065,0.00031
"01K4V58DY7BR4B6SK4MA7XNW1Q","Warmup #3 EN presale 2025","email","September 11, 2025, 15:15",6123,6108,0.78766,0.03143,10,861.26,0.01457,0.00049
"01K4X7Q0CHJE6V54862V8W7PGP","Réchauffement #4 FR Prévente 2025","email","September 13, 2025, 11:55",21286,21275,0.53424,0.04855,177,26394.5601,0.00954,0.00009
"01K4X85QT1JD14QGZ3SC5AGREE","Warmup #4 EN presale 2025","email","September 13, 2025, 11:55",10996,10962,0.47282,0.02281,30,3524.50999,0.01523,0.00073
"01K4X56M11ZZDQ059KZCEQ9KFE","presale lasclay 2025 SMS USA","sms","September 13, 2025, 09:00",2356,2254,0,0,0,0,0.09228,0
"01K4TFMY99A0HANB9YS22N5JVB","prévente lasclay 2025 SMS","sms","September 13, 2025, 12:59",11273,10026,0,0,0,0,0.03242,0
"01JZ2WD4PC4DK2Z35GVKJQBCT2","RV R&D","email","July 01, 2025, 11:51",114,114,0.81579,0.45614,0,0,0.00877,0
"01K2MMTWD2SSQXXF5D223GV4Z1","Suivi précommande août","email","August 14, 2025, 16:36",36,36,0.91667,0,0,0,0,0
"01K5J6W1DRQECVWR86YXTMZ6FT","Précommande follow-up FR non-acheteur","email","September 20, 2025, 12:00",18826,18814,0.58441,0.03008,25,3137.05,0.00935,0.00011
"01K5M3925D1X8KJ2PGH9RYAA86","Précommande follow-up #2 FR non-acheteur","email","September 27, 2025, 12:00",10367,10357,0.28705,0.01709,4,270.11,0.00666,0.00029
"01K77620F5WQ7YZQ7E54PA0PDB","2025 (FR) Automne bandeaux etc.","email","October 11, 2025, 11:30",19755,19739,0.50545,0.01717,17,1566.68998,0.0077,0.00015
"01K7782BAX07V938MFYP5JHPQF","2025 (EN) Fall headbands etc.","email","October 11, 2025, 09:00",3906,3895,0.49884,0.02003,4,478.66,0.0095,0.00077
"01K7Q0EEBHZKBJYT9V136S0MG9","Concours automne 2025","email","October 18, 2025, 11:30",19478,19462,0.53407,0.024,23,3246.02998,0.00735,0.00005
"01K84N7TF8PQCC76T8REM00QMP","follow-up Concours automne 2025","email","October 23, 2025, 13:45",9495,9489,0.16851,0.00685,4,452.91,0.00569,0.00053
"01K8XE6FNF6QJ55MZ2FYAQ3VED","Follow-up Concours automne 2025 + Lancement mini-collection Asclépiade et Monarque","email","November 01, 2025, 12:00",19297,19285,0.51766,0.01509,33,5793.16997,0.00622,0.00016
"01K8YETKNGB4JHXZNXJM035MGB","Clone Follow-up Concours automne 2025 + Lancement mini-collection Asclépiade et Monarque","email","November 01, 2025, 13:00",11338,11288,0.47519,0.01577,8,909.24001,0.01302,0.00142
"01K9AD8VT2YSN3GQQCZJFQ5257","Follow-up #2 EN Concours automne 2025 + Lancement mini-collection Asclépiade et Monarque","email","November 05, 2025, 16:24",6226,6193,0.16083,0.00775,3,283.81001,0.00727,0.00113
"01K9G42RSECX50ZANA68HK7DEK","Follow-up 3 Concours automne 2025 + Imparfaits","email","November 08, 2025, 12:15",19174,19161,0.50937,0.019,46,5135.85996,0.00595,0.00016
"01K9GQJ8AGFXMMRGZCTTAWCPST","fall contest + warmup EN","email","November 08, 2025, 13:30",11473,11453,0.45944,0.01694,16,2065.86001,0.01022,0.00035
"01K9RB86W064WYAKWN42BD1ZJ0","Follow-up jeudi Concours automne 2025 + Imparfaits","email","November 13, 2025, 11:45",9982,9975,0.17133,0.00902,8,1516.07999,0.00471,0.0002
"01K9RBQ1T4PANM6ESC0A9XHCV6","Follow-up fall contest + warmup EN","email","November 13, 2025, 07:15",6535,6528,0.17479,0.00751,2,124.33,0.00735,0.00061
"01KA1DRDD4HJ44AE8PYAKWKF26","warmup EN traduit FR","email","November 15, 2025, 12:00",18975,18968,0.50348,0.0184,38,11047.92,0.00527,0.00211
"01KACBE0JZF4SACXNE33NQZYVS","Clone warmup EN traduit FR","email","November 19, 2025, 12:00",9956,9951,0.1624,0.01015,11,1798.96001,0.00573,0.00221
"01KACBFSZ034G8NG4RF4FT3217","Clone Follow-up fall contest + warmup EN","email","November 19, 2025, 12:45",5456,5444,0.12564,0.00478,4,460.13,0.00661,0.00092
"01KAMMHCGH44M4CS69MHAQ8MJQ","Concours automne 2025 + collab et matieres","email","November 22, 2025, 12:00",18045,18040,0.50576,0.01979,31,3427.54001,0.00682,0.00011
"01KAMNBT6TT2TRXNPJK3JY03GE","Clone fall contest + warmup EN","email","November 22, 2025, 13:00",10533,10520,0.44838,0.01473,7,1082.30001,0.01027,0.00076
"01KB0BK2HEWQN05N95KG0ZPS3M","follow-up mercredi Concours automne 2025 + collab et matieres","email","November 26, 2025, 15:30",10625,10620,0.20631,0.01008,11,1576.02001,0.00631,0.00028
"01KB0BNYPN4GG0T6MC70AQPAC7","Follow-up fall contest + warmup EN","email","November 26, 2025, 15:30",6103,6092,0.15069,0.00509,3,343.09,0.00952,0.00066
"01KB6QTM717TJ7Z5882ZBZNRQS","Récolte infolettre nov","email","November 29, 2025, 12:00",18742,18730,0.49525,0.01506,41,5510.78002,0.00849,0.00117
"01KBJ8Q2DGN26GMQW7DMD4BFWW","follow-up mercredi Récolte infolettre nov","email","December 03, 2025, 14:15",9929,9918,0.16394,0.01281,16,2930.11001,0.00635,0.00111
"01KBSSGSVZ5C09XM0GNQRDC5MY","Campaign Dec 6, 2025, 7:17 AM","email","December 06, 2025, 13:30",18938,18909,0.5169,0.01571,49,6002.05999,0.00635,0.00011
"01KBSWTPTCCYQ6FVC00MBYZQQ5","fin prochaine concours","email","December 06, 2025, 14:15",8894,8842,0.48032,0.01188,8,1285.07,0.0181,0.0009
"01KCBQ25N3WRDP1SBPJ0ZQWEFR","Concours automne 2025 deadline","email","December 13, 2025, 12:00",18175,18156,0.49003,0.00997,42,5589.45,0.00672,0.00033
"01KCY5EEAEQRDPZBWE7W67ZV9J","Cartes-cadeaux","email","December 20, 2025, 15:26",19613,19595,0.5134,0.0047,20,2329.71,0.00684,0.00112
"01KDFY37YXYPE5T9BGVT4JCYJ5","Boxing day","email","December 27, 2025, 13:30",18754,18738,0.52578,0.027,34,3336.71001,0.01227,0.00016
"01KFQQCYP5VWF921DR2V6N2ZJ8","Vente de fin de saison 2026","email","January 24, 2026, 13:00",20489,20436,0.54517,0.06381,90,10637.32002,0.00739,0.00005
"01KFR1HH0KN36DQGDV90T7EV5S","end of season 2026","email","January 24, 2026, 13:30",11629,11571,0.48552,0.02973,18,1668.74999,0.00769,0.00043
"01KFTNJD7WG88F2YKNQFX70G64","Vente de fin de saison 2026 (erratum)","email","January 25, 2026, 13:45",20327,20281,0.5406,0.02465,85,9340.28005,0.01006,0.00005
"01KFTP9DFAENKC1GHPYJBMW6NY","end of season 2026 (clone)","email","January 25, 2026, 13:50",11546,11490,0.49373,0.0141,10,1012.34,0.01906,0.00096
"01KG763XHRR4X77KDEVRSHN0C9","Vente de fin de saison 2026 (follow-up)","email","January 31, 2026, 12:30",8226,8196,0.1458,0.02172,9,839.93001,0.00561,0.00024
"01KG767TN1SNXH8T22DFHN3BAM","Vente de fin de saison 2026 (erratum) (follow-up)","email","February 01, 2026, 12:15",8187,8161,0.13736,0.00907,10,1321.77001,0.00478,0.00012
"01KG76BANB11D3WK21S0SXSR96","end of season 2026 (follow-up)","email","January 31, 2026, 13:45",5215,5171,0.12551,0.01412,2,177.14,0.00658,0.00116
"01KG76EFRCXGJMSJVCM43MR33X","end of season 2026 (erratum follow-up)","email","February 01, 2026, 13:00",5182,5138,0.12709,0.00409,1,51.96,0.01109,0.00097
"01KGST4S7YYJPVRSWSKVPTXJ23","Vente de fin de saison 2026 (#2)","email","February 07, 2026, 11:30",20431,20394,0.54089,0.03604,80,10150.35001,0.00814,0.00005
"01KHB6Q7GK7N6W4CBGV1C20AD4","Vente de fin de saison 2026 (#2) follow up","email","February 14, 2026, 12:30",9704,9686,0.16137,0.01383,4,471.86001,0.00516,0.0001
"01KHXSSX9RMH0RWNRQ9WSEG8D2","Vente de fin de saison 2026 (#3) follow up","email","February 21, 2026, 12:30",20823,20793,0.54768,0.03179,32,4698.50001,0.00822,0.00005
"01KJTF431HHNDD4CXEJETQMZK7","erratum","email","March 03, 2026, 18:35",20870,20846,0.5177,0.00988,15,1379.81001,0.00667,0.00014
"01KKHTVHQJMNXPHGNNRAJYK3KK","(region QC) Campagne nationale plantation 2026","email","March 14, 2026, 11:30",21874,21835,0.5292,0.024,17,969,0.00843,0.00005
"01KKM5DMFCP511X554CE7Y0FFC","Milkweed planting Campaign (2026)","email","March 14, 2026, 12:00",4283,4263,0.51677,0.05255,16,1072.60002,0.00962,0.00047
"01KKM8FZ5J2WRS2FXS75J0X7N4","Milkweed planting Campaign (2026) (US)","email","March 14, 2026, 13:00",8018,7979,0.43289,0.04537,46,2499.8,0.00714,0.00025
"01KN7K2SNSMX7XTX8D5R7TJAEV","NATIONAL PLANTING CAMPAIGN 2026","email","April 04, 2026, 12:30",11783,11736,0.44513,0.0317,41,1606.95,0.0098,0.00009
"01KPG8655CZG3R3FWQ7FQTSPTC","Cosmétiques prévente (clone)","email","April 18, 2026, 13:50",20187,20176,0.57464,0.06151,100,7547.03005,0.00753,0.0001
"01KQM4YQKWG0XFXB3ZWAG6DQW0","Précommande été 2026","email","May 02, 2026, 11:30",19933,19922,0.5248,0.04713,55,4592.52999,0.00743,0.0001
"01KQM78PHDKB6N003P21PC2H0W","Précommande été 2026 (EN)","email","May 02, 2026, 11:55",3665,3658,0.52433,0.03308,2,78.52,0.0123,0.00027
"01KRX1MBST6PSVYW6RME23NS76","Réchauffement prévente 2026 #1","email","May 18, 2026, 11:00",20265,20259,0.53606,0.0501,7,459.28,0.00745,0.00114
"01KSCYFRHZFXTA6Z4SYBNCE8D1","Réchauffement prévente 2026 #2 - video doc","email","May 24, 2026, 12:45",19308,19303,0.60415,0.13014,11,1255.84,0.00622,0.00073
"01KSQ4N8RP8S7WVP8PKS0TBZ3F","Réchauffement prévente 2026 #3 - video cache-cou","email","May 28, 2026, 12:15",19197,19192,0.55706,0.10218,60,8618.5,0.00516,0.00005
"01KSVFGFHWHMS8FPR1BRH1GM73","Réchauffement prévente 2026 #4","email","May 30, 2026, 11:00",19103,19100,0.53319,0.0534,323,52159.45997,0.00545,0.00058
"01KSZ2CG0DQ86XH07GH0XVBH43","Réchauffement prévente 2026 remerciement","email","May 31, 2026, 13:24",21273,21221,0.48532,0.02634,52,7183.74999,0.00895,0.00009
"01KVE013N0ANFS640GVZSW59XX","Suivi prévente 2026","email","June 20, 2026, 11:00",18802,18794,0.52581,0.02549,15,2060.20004,0.00718,0.00021
"01KSVYMZQWB682ZVFW8GT6QHX6","prévente printemps 2026 SMS","sms","May 30, 2026, 13:00",21336,14928,0,0,0,0,0.05024,0
"01K5J728616HC4CXNYWRPHX1YC","Suivi précommande Acheteur","email","September 20, 2025, 12:00",188,187,0.92513,0.14439,2,407.82,0,0
"01K7Y52RJB7N7BKMBWSA57D03E","Fall contest 2025","email","October 19, 2025, 13:05",3834,3821,0.51531,0.01544,3,506.57,0.01282,0
"01K84NYGT22FRFNSYE0WD7FQ1M","follow-up Fall contest 2025","email","October 23, 2025, 10:00",1955,1953,0.19816,0.00973,0,0,0.01126,0
"01K9AD6M3JKB3N2QYMG3P3W654","Follow-up 2 Concours automne 2025 + Lancement mini-collection Asclépiade et Monarque","email","November 05, 2025, 16:22",9716,9704,0.15715,0.0068,10,1013.79,0.00598,0
"01K9ADBWDM43Z3F9Z73WJ39M2R","Suivi précommande Acheteur #2","email","November 05, 2025, 16:47",522,521,0.86756,0.14779,6,672.42,0.00576,0
"01K9B5V4BP3PGMYH0DHN2S59J7","Clone Suivi précommande Acheteur #2","email","November 05, 2025, 23:33",172,171,0.87135,0.29825,2,527.66,0,0
"01KA6K7S2XAR4HCY0WDBHPBTAN","Fall contest 2025","email","November 16, 2025, 15:18",1907,1905,0.17638,0.0084,0,0,0.01102,0
"01KB3DC1H6C3RJS69PS2V1VWH9","Suivi commandes + excuses","email","November 28, 2025, 21:00",452,450,0.90889,0.07111,2,436.88001,0.00444,0
"01KBFXJHXRFA9W46WQ3J1TNAG9","Vérification grandeur mitaines FR","email","December 02, 2025, 17:04",347,345,0.90435,0.26087,4,495.47,0.0029,0
"01KBZFQN1GV29GKPZMS23F3980","AIDE clients QC","email","December 08, 2025, 18:04",2443,2439,0.59738,0,6,819.27,0.00697,0
"01KC7H1S193XYKGE1VR883WGKW","Clone Suivi commandes + excuses","email","December 12, 2025, 14:13",1073,1071,0.88049,0,4,590.89001,0.00373,0
"01KC9XCGN4J2NQXTKAEB3GMS1C","EN Clone Suivi commandes + excuses","email","December 12, 2025, 19:15",75,74,0.86486,0,0,0,0,0
"01KECBCPWCTQA13C6VVJNT7DYN","Manteaux suivi final","email","January 07, 2026, 14:13",170,169,0.92308,0,0,0,0,0
"01KJNE1QC99SGV2AT914NW9ETB","Tirage monarques","email","March 01, 2026, 19:56",20820,20796,0.53549,0.0704,15,1928.52,0.00558,0
"01KN7DZKMAFVM68X5XQ2R7N8CM","(region QC) Campagne nationale plantation 2026 (clone)","email","April 04, 2026, 07:30",21608,21561,0.5214,0.03274,29,1626.39,0.00751,0
"01KVDD0X8TDDNCDG63ZCVQDTZS","Suivi prévente 2026 commandes","email","June 18, 2026, 18:29",341,340,0.86765,0.1,1,72.43,0,0
"01K5J5762CVXJ9CTC9XCRKV9WG","Suivi manteaux","email","September 20, 2025, 12:00",250,250,0.924,0.456,1,160.92999,0.004,0
"01KABV76115NP178V6MZGFWA5B","Retard mitaines urbaines","email","November 18, 2025, 16:27",190,190,0.91053,0.01053,2,97.7,0.00526,0
"01KABYEXQ5P72YFXBB8EKQHPBD","Campaign Nov 18, 2025, 11:58 AM","email","November 18, 2025, 17:50",296,296,0.93243,0,2,132.17,0.00338,0
"01KBJ9BSQX1P43WRFG6FCM3BAM","Manteaux suivi","email","December 03, 2025, 14:25",306,306,0.94118,0,3,720.72997,0.00327,0
"01KD0C0RED99XHTAF9DSGQGYK6","Suivi précommandes offre cartes","email","December 21, 2025, 12:13",573,573,0.91099,0.54974,127,692.54,0.00349,0
"01KD0DB3SJVZHEVQW9FESRFQ2H","EN Suivi commandes","email","December 21, 2025, 12:44",87,87,0.86207,0.47126,31,174.29,0.01149,0
"01KG08D41SMBX0AZDWPD9CWD3B","tuques jaunes","email","January 27, 2026, 17:45",77,77,0.8961,0,1,172.44,0.01299,0
"01KCQC4Y3QTJHNTK3AYYDEVSKS","Manteaux suivi (clone)","email","December 18, 2025, 00:14",328,328,0.90854,0,1,126.45,0,0
"01KCY4HWHQMK7W54VJ5EJHP9ES","Suivi précommandes","email","December 20, 2025, 15:15",642,642,0.91277,0,5,52.87,0,0
"01KESGP9Z1Y7N6362X5XSWDDSJ","Suivi précommandes","email","January 12, 2026, 16:43",206,206,0.92718,0,2,126.45,0,0
"01K7A06TW1GGD89WRQ26FSQCEW","[Follow-up] 2025 (EN) Fall headbands etc.","email","October 18, 2025, 09:00",49,49,0.42857,0.02041,0,0,0,0
"01K8BY8BHP3KE3QQN03SPSHWEH","Suivi manteaux oct","email","October 25, 2025, 12:00",270,270,0.88889,0,0,0,0,0
"01KA1SGBP1CHPZNVM2FKHKEXSM","défricheuses","email","November 14, 2025, 18:50",12,12,0.91667,0.66667,0,0,0,0
"01KABWRGVVSBKMV3K00EZN7Q3P","EN Retard mitaines urbaines","email","November 18, 2025, 16:49",12,12,1,0.08333,0,0,0,0
"01KAC1E4SAS262X55W9G1FDV2B","Manteaux suivi EN","email","November 18, 2025, 17:56",10,10,0.9,0.1,0,0,0,0
"01KCKWCJTFRWDRZ4GPAGR1KHNN","Manteaux suivi","email","December 16, 2025, 17:25",325,325,0.90462,0,0,0,0,0
"01KCM37M3FH4JCASEMTS0DT3J0","EN Manteaux suivi","email","December 17, 2025, 01:58",14,14,0.85714,0,0,0,0,0
"01KG08ZDR4T9AKMDQJMB6AE9D8","yellow beanies","email","January 27, 2026, 17:47",5,5,1,0,0,0,0,0
