chemin	cible
/products/milkweed-seed-bombs	/products/milkweed-seeds
/collections/all/products/milkweed-seed-bombs	/products/milkweed-seeds
/collections/produits-products/products/milkweed-seed-bombs	/products/milkweed-seeds
/collections/related-products-produits-connexes/products/milkweed-seed-bombs	/products/milkweed-seeds
/collections/garden/products/milkweed-seed-bombs	/products/milkweed-seeds
/collections/matieres/products/milkweed-seed-bombs	/products/milkweed-seeds
/collections/milkweed-materials/products/milkweed-seed-bombs	/products/milkweed-seeds
/collections/semences-d-asclepiade-stratifiees-a-froid/products/milkweed-seed-bombs	/products/milkweed-seeds
/collections/cold-stratified-milkweed-seeds/products/milkweed-seed-bombs	/products/milkweed-seeds
/collections/flower-seed-bombs/products/milkweed-seed-bombs	/products/milkweed-seeds
/collections/bombes-semences-graines/products/milkweed-seed-bombs	/products/milkweed-seeds
/collections/milkweed-accessories-spring/products/milkweed-seed-bombs	/products/milkweed-seeds
/products/graines-semences-asclepiade-stratifiees-froid	/products/milkweed-seeds
/collections/all/products/graines-semences-asclepiade-stratifiees-froid	/products/milkweed-seeds
/collections/produits-products/products/graines-semences-asclepiade-stratifiees-froid	/products/milkweed-seeds
/collections/related-products-produits-connexes/products/graines-semences-asclepiade-stratifiees-froid	/products/milkweed-seeds
/collections/garden/products/graines-semences-asclepiade-stratifiees-froid	/products/milkweed-seeds
/collections/matieres/products/graines-semences-asclepiade-stratifiees-froid	/products/milkweed-seeds
/collections/milkweed-materials/products/graines-semences-asclepiade-stratifiees-froid	/products/milkweed-seeds
/collections/semences-d-asclepiade-stratifiees-a-froid/products/graines-semences-asclepiade-stratifiees-froid	/products/milkweed-seeds
/collections/cold-stratified-milkweed-seeds/products/graines-semences-asclepiade-stratifiees-froid	/products/milkweed-seeds
/collections/flower-seed-bombs/products/graines-semences-asclepiade-stratifiees-froid	/products/milkweed-seeds
/collections/bombes-semences-graines/products/graines-semences-asclepiade-stratifiees-froid	/products/milkweed-seeds
/collections/milkweed-accessories-spring/products/graines-semences-asclepiade-stratifiees-froid	/products/milkweed-seeds
/products/cold-stratified-milkweed-seeds	/products/milkweed-seeds
/collections/all/products/cold-stratified-milkweed-seeds	/products/milkweed-seeds
/collections/produits-products/products/cold-stratified-milkweed-seeds	/products/milkweed-seeds
/collections/related-products-produits-connexes/products/cold-stratified-milkweed-seeds	/products/milkweed-seeds
/collections/garden/products/cold-stratified-milkweed-seeds	/products/milkweed-seeds
/collections/matieres/products/cold-stratified-milkweed-seeds	/products/milkweed-seeds
/collections/milkweed-materials/products/cold-stratified-milkweed-seeds	/products/milkweed-seeds
/collections/semences-d-asclepiade-stratifiees-a-froid/products/cold-stratified-milkweed-seeds	/products/milkweed-seeds
/collections/cold-stratified-milkweed-seeds/products/cold-stratified-milkweed-seeds	/products/milkweed-seeds
/collections/flower-seed-bombs/products/cold-stratified-milkweed-seeds	/products/milkweed-seeds
/collections/bombes-semences-graines/products/cold-stratified-milkweed-seeds	/products/milkweed-seeds
/collections/milkweed-accessories-spring/products/cold-stratified-milkweed-seeds	/products/milkweed-seeds
/collections/semences-d-asclepiade-stratifiees-a-froid	/products/milkweed-seeds
/collections/cold-stratified-milkweed-seeds	/products/milkweed-seeds
/collections/bombes-semences-graines	/products/milkweed-seeds
/collections/flower-seed-bombs	/products/milkweed-seeds
/en/products/milkweed-seed-bombs	/en/products/milkweed-seeds
/en/collections/all/products/milkweed-seed-bombs	/en/products/milkweed-seeds
/en/collections/produits-products/products/milkweed-seed-bombs	/en/products/milkweed-seeds
/en/collections/related-products-produits-connexes/products/milkweed-seed-bombs	/en/products/milkweed-seeds
/en/collections/garden/products/milkweed-seed-bombs	/en/products/milkweed-seeds
/en/collections/matieres/products/milkweed-seed-bombs	/en/products/milkweed-seeds
/en/collections/milkweed-materials/products/milkweed-seed-bombs	/en/products/milkweed-seeds
/en/collections/semences-d-asclepiade-stratifiees-a-froid/products/milkweed-seed-bombs	/en/products/milkweed-seeds
/en/collections/cold-stratified-milkweed-seeds/products/milkweed-seed-bombs	/en/products/milkweed-seeds
/en/collections/flower-seed-bombs/products/milkweed-seed-bombs	/en/products/milkweed-seeds
/en/collections/bombes-semences-graines/products/milkweed-seed-bombs	/en/products/milkweed-seeds
/en/collections/milkweed-accessories-spring/products/milkweed-seed-bombs	/en/products/milkweed-seeds
/en/products/graines-semences-asclepiade-stratifiees-froid	/en/products/milkweed-seeds
/en/collections/all/products/graines-semences-asclepiade-stratifiees-froid	/en/products/milkweed-seeds
/en/collections/produits-products/products/graines-semences-asclepiade-stratifiees-froid	/en/products/milkweed-seeds
/en/collections/related-products-produits-connexes/products/graines-semences-asclepiade-stratifiees-froid	/en/products/milkweed-seeds
/en/collections/garden/products/graines-semences-asclepiade-stratifiees-froid	/en/products/milkweed-seeds
/en/collections/matieres/products/graines-semences-asclepiade-stratifiees-froid	/en/products/milkweed-seeds
/en/collections/milkweed-materials/products/graines-semences-asclepiade-stratifiees-froid	/en/products/milkweed-seeds
/en/collections/semences-d-asclepiade-stratifiees-a-froid/products/graines-semences-asclepiade-stratifiees-froid	/en/products/milkweed-seeds
/en/collections/cold-stratified-milkweed-seeds/products/graines-semences-asclepiade-stratifiees-froid	/en/products/milkweed-seeds
/en/collections/flower-seed-bombs/products/graines-semences-asclepiade-stratifiees-froid	/en/products/milkweed-seeds
/en/collections/bombes-semences-graines/products/graines-semences-asclepiade-stratifiees-froid	/en/products/milkweed-seeds
/en/collections/milkweed-accessories-spring/products/graines-semences-asclepiade-stratifiees-froid	/en/products/milkweed-seeds
/en/products/cold-stratified-milkweed-seeds	/en/products/milkweed-seeds
/en/collections/all/products/cold-stratified-milkweed-seeds	/en/products/milkweed-seeds
/en/collections/produits-products/products/cold-stratified-milkweed-seeds	/en/products/milkweed-seeds
/en/collections/related-products-produits-connexes/products/cold-stratified-milkweed-seeds	/en/products/milkweed-seeds
/en/collections/garden/products/cold-stratified-milkweed-seeds	/en/products/milkweed-seeds
/en/collections/matieres/products/cold-stratified-milkweed-seeds	/en/products/milkweed-seeds
/en/collections/milkweed-materials/products/cold-stratified-milkweed-seeds	/en/products/milkweed-seeds
/en/collections/semences-d-asclepiade-stratifiees-a-froid/products/cold-stratified-milkweed-seeds	/en/products/milkweed-seeds
/en/collections/cold-stratified-milkweed-seeds/products/cold-stratified-milkweed-seeds	/en/products/milkweed-seeds
/en/collections/flower-seed-bombs/products/cold-stratified-milkweed-seeds	/en/products/milkweed-seeds
/en/collections/bombes-semences-graines/products/cold-stratified-milkweed-seeds	/en/products/milkweed-seeds
/en/collections/milkweed-accessories-spring/products/cold-stratified-milkweed-seeds	/en/products/milkweed-seeds
/en/collections/semences-d-asclepiade-stratifiees-a-froid	/en/products/milkweed-seeds
/en/collections/cold-stratified-milkweed-seeds	/en/products/milkweed-seeds
/en/collections/bombes-semences-graines	/en/products/milkweed-seeds
/en/collections/flower-seed-bombs	/en/products/milkweed-seeds
/en-us/products/milkweed-seed-bombs	/en-us/products/milkweed-seeds
/en-us/collections/all/products/milkweed-seed-bombs	/en-us/products/milkweed-seeds
/en-us/collections/produits-products/products/milkweed-seed-bombs	/en-us/products/milkweed-seeds
/en-us/collections/related-products-produits-connexes/products/milkweed-seed-bombs	/en-us/products/milkweed-seeds
/en-us/collections/garden/products/milkweed-seed-bombs	/en-us/products/milkweed-seeds
/en-us/collections/matieres/products/milkweed-seed-bombs	/en-us/products/milkweed-seeds
/en-us/collections/milkweed-materials/products/milkweed-seed-bombs	/en-us/products/milkweed-seeds
/en-us/collections/semences-d-asclepiade-stratifiees-a-froid/products/milkweed-seed-bombs	/en-us/products/milkweed-seeds
/en-us/collections/cold-stratified-milkweed-seeds/products/milkweed-seed-bombs	/en-us/products/milkweed-seeds
/en-us/collections/flower-seed-bombs/products/milkweed-seed-bombs	/en-us/products/milkweed-seeds
/en-us/collections/bombes-semences-graines/products/milkweed-seed-bombs	/en-us/products/milkweed-seeds
/en-us/collections/milkweed-accessories-spring/products/milkweed-seed-bombs	/en-us/products/milkweed-seeds
/en-us/products/graines-semences-asclepiade-stratifiees-froid	/en-us/products/milkweed-seeds
/en-us/collections/all/products/graines-semences-asclepiade-stratifiees-froid	/en-us/products/milkweed-seeds
/en-us/collections/produits-products/products/graines-semences-asclepiade-stratifiees-froid	/en-us/products/milkweed-seeds
/en-us/collections/related-products-produits-connexes/products/graines-semences-asclepiade-stratifiees-froid	/en-us/products/milkweed-seeds
/en-us/collections/garden/products/graines-semences-asclepiade-stratifiees-froid	/en-us/products/milkweed-seeds
/en-us/collections/matieres/products/graines-semences-asclepiade-stratifiees-froid	/en-us/products/milkweed-seeds
/en-us/collections/milkweed-materials/products/graines-semences-asclepiade-stratifiees-froid	/en-us/products/milkweed-seeds
/en-us/collections/semences-d-asclepiade-stratifiees-a-froid/products/graines-semences-asclepiade-stratifiees-froid	/en-us/products/milkweed-seeds
/en-us/collections/cold-stratified-milkweed-seeds/products/graines-semences-asclepiade-stratifiees-froid	/en-us/products/milkweed-seeds
/en-us/collections/flower-seed-bombs/products/graines-semences-asclepiade-stratifiees-froid	/en-us/products/milkweed-seeds
/en-us/collections/bombes-semences-graines/products/graines-semences-asclepiade-stratifiees-froid	/en-us/products/milkweed-seeds
/en-us/collections/milkweed-accessories-spring/products/graines-semences-asclepiade-stratifiees-froid	/en-us/products/milkweed-seeds
/en-us/products/cold-stratified-milkweed-seeds	/en-us/products/milkweed-seeds
/en-us/collections/all/products/cold-stratified-milkweed-seeds	/en-us/products/milkweed-seeds
/en-us/collections/produits-products/products/cold-stratified-milkweed-seeds	/en-us/products/milkweed-seeds
/en-us/collections/related-products-produits-connexes/products/cold-stratified-milkweed-seeds	/en-us/products/milkweed-seeds
/en-us/collections/garden/products/cold-stratified-milkweed-seeds	/en-us/products/milkweed-seeds
/en-us/collections/matieres/products/cold-stratified-milkweed-seeds	/en-us/products/milkweed-seeds
/en-us/collections/milkweed-materials/products/cold-stratified-milkweed-seeds	/en-us/products/milkweed-seeds
/en-us/collections/semences-d-asclepiade-stratifiees-a-froid/products/cold-stratified-milkweed-seeds	/en-us/products/milkweed-seeds
/en-us/collections/cold-stratified-milkweed-seeds/products/cold-stratified-milkweed-seeds	/en-us/products/milkweed-seeds
/en-us/collections/flower-seed-bombs/products/cold-stratified-milkweed-seeds	/en-us/products/milkweed-seeds
/en-us/collections/bombes-semences-graines/products/cold-stratified-milkweed-seeds	/en-us/products/milkweed-seeds
/en-us/collections/milkweed-accessories-spring/products/cold-stratified-milkweed-seeds	/en-us/products/milkweed-seeds
/en-us/collections/semences-d-asclepiade-stratifiees-a-froid	/en-us/products/milkweed-seeds
/en-us/collections/cold-stratified-milkweed-seeds	/en-us/products/milkweed-seeds
/en-us/collections/bombes-semences-graines	/en-us/products/milkweed-seeds
/en-us/collections/flower-seed-bombs	/en-us/products/milkweed-seeds
/fr-us/products/milkweed-seed-bombs	/fr-us/products/milkweed-seeds
/fr-us/collections/all/products/milkweed-seed-bombs	/fr-us/products/milkweed-seeds
/fr-us/collections/produits-products/products/milkweed-seed-bombs	/fr-us/products/milkweed-seeds
/fr-us/collections/related-products-produits-connexes/products/milkweed-seed-bombs	/fr-us/products/milkweed-seeds
/fr-us/collections/garden/products/milkweed-seed-bombs	/fr-us/products/milkweed-seeds
/fr-us/collections/matieres/products/milkweed-seed-bombs	/fr-us/products/milkweed-seeds
/fr-us/collections/milkweed-materials/products/milkweed-seed-bombs	/fr-us/products/milkweed-seeds
/fr-us/collections/semences-d-asclepiade-stratifiees-a-froid/products/milkweed-seed-bombs	/fr-us/products/milkweed-seeds
/fr-us/collections/cold-stratified-milkweed-seeds/products/milkweed-seed-bombs	/fr-us/products/milkweed-seeds
/fr-us/collections/flower-seed-bombs/products/milkweed-seed-bombs	/fr-us/products/milkweed-seeds
/fr-us/collections/bombes-semences-graines/products/milkweed-seed-bombs	/fr-us/products/milkweed-seeds
/fr-us/collections/milkweed-accessories-spring/products/milkweed-seed-bombs	/fr-us/products/milkweed-seeds
/fr-us/products/graines-semences-asclepiade-stratifiees-froid	/fr-us/products/milkweed-seeds
/fr-us/collections/all/products/graines-semences-asclepiade-stratifiees-froid	/fr-us/products/milkweed-seeds
/fr-us/collections/produits-products/products/graines-semences-asclepiade-stratifiees-froid	/fr-us/products/milkweed-seeds
/fr-us/collections/related-products-produits-connexes/products/graines-semences-asclepiade-stratifiees-froid	/fr-us/products/milkweed-seeds
/fr-us/collections/garden/products/graines-semences-asclepiade-stratifiees-froid	/fr-us/products/milkweed-seeds
/fr-us/collections/matieres/products/graines-semences-asclepiade-stratifiees-froid	/fr-us/products/milkweed-seeds
/fr-us/collections/milkweed-materials/products/graines-semences-asclepiade-stratifiees-froid	/fr-us/products/milkweed-seeds
/fr-us/collections/semences-d-asclepiade-stratifiees-a-froid/products/graines-semences-asclepiade-stratifiees-froid	/fr-us/products/milkweed-seeds
/fr-us/collections/cold-stratified-milkweed-seeds/products/graines-semences-asclepiade-stratifiees-froid	/fr-us/products/milkweed-seeds
/fr-us/collections/flower-seed-bombs/products/graines-semences-asclepiade-stratifiees-froid	/fr-us/products/milkweed-seeds
/fr-us/collections/bombes-semences-graines/products/graines-semences-asclepiade-stratifiees-froid	/fr-us/products/milkweed-seeds
/fr-us/collections/milkweed-accessories-spring/products/graines-semences-asclepiade-stratifiees-froid	/fr-us/products/milkweed-seeds
/fr-us/products/cold-stratified-milkweed-seeds	/fr-us/products/milkweed-seeds
/fr-us/collections/all/products/cold-stratified-milkweed-seeds	/fr-us/products/milkweed-seeds
/fr-us/collections/produits-products/products/cold-stratified-milkweed-seeds	/fr-us/products/milkweed-seeds
/fr-us/collections/related-products-produits-connexes/products/cold-stratified-milkweed-seeds	/fr-us/products/milkweed-seeds
/fr-us/collections/garden/products/cold-stratified-milkweed-seeds	/fr-us/products/milkweed-seeds
/fr-us/collections/matieres/products/cold-stratified-milkweed-seeds	/fr-us/products/milkweed-seeds
/fr-us/collections/milkweed-materials/products/cold-stratified-milkweed-seeds	/fr-us/products/milkweed-seeds
/fr-us/collections/semences-d-asclepiade-stratifiees-a-froid/products/cold-stratified-milkweed-seeds	/fr-us/products/milkweed-seeds
/fr-us/collections/cold-stratified-milkweed-seeds/products/cold-stratified-milkweed-seeds	/fr-us/products/milkweed-seeds
/fr-us/collections/flower-seed-bombs/products/cold-stratified-milkweed-seeds	/fr-us/products/milkweed-seeds
/fr-us/collections/bombes-semences-graines/products/cold-stratified-milkweed-seeds	/fr-us/products/milkweed-seeds
/fr-us/collections/milkweed-accessories-spring/products/cold-stratified-milkweed-seeds	/fr-us/products/milkweed-seeds
/fr-us/collections/semences-d-asclepiade-stratifiees-a-froid	/fr-us/products/milkweed-seeds
/fr-us/collections/cold-stratified-milkweed-seeds	/fr-us/products/milkweed-seeds
/fr-us/collections/bombes-semences-graines	/fr-us/products/milkweed-seeds
/fr-us/collections/flower-seed-bombs	/fr-us/products/milkweed-seeds
