mois,date,nom,canal,destinataires,taux_ouverture,taux_clic,conversions,revenu,revenu_par_destinataire,taux_desabo
2023-08,2023-08-27,Suivi sac lunch + switch,email,196,0.81538,0,0,0,0,0
2023-09,2023-09-02,Réchauffement #1 prévente automnale 2023,email,21137,0.48818,0.07511,3,250.06001,0.01185,0.00796
2023-09,2023-09-02,WARMUP #1 Fall pre-sale 2023,email,5653,0.43886,0.03893,2,36.12,0.00642,0.01262
2023-09,2023-09-15,Réchauffement #2 prévente automnale 2023,email,21007,0.47633,0.0452,179,17784.5001,0.84797,0.00663
2023-09,2023-09-15,WARMUP #2 Fall pre-sale 2023,email,5571,0.43254,0.02471,19,2111.06003,0.38078,0.01172
2023-09,2023-09-23,Suivi #1 NON-ACHETEUR prévente automnale 2023,email,20714,0.46671,0.04028,97,8008.00002,0.38725,0.00624
2023-09,2023-09-23,Follow-up #1 NON-BUYER Fall presale 2023,email,5484,0.42192,0.02859,12,1054.34001,0.19324,0.0055
2023-09,2023-09-23,Suivi #1 ACHETEUR prévente automnale 2023,email,191,0.93684,0.1,0,0,0,0
2023-09,2023-09-23,(EN) follow-up #1 buyer Fall presale 2023,email,21,0.85714,0.04762,0,0,0,0
2023-10,2023-10-15,(FR) Automne bandeaux etc.,email,21059,0.47072,0.03843,51,5159.07997,0.2454,0.00766
2023-10,2023-10-15,(EN) Fall headbands etc.,email,5764,0.44088,0.03488,8,390.66999,0.06813,0.00907
2023-11,2023-11-12,(FR) BFCM cartes-cadeaux,email,20099,0.45815,0.02084,34,3968.09998,0.19828,0.01039
2023-11,2023-11-12,(FR) Suivi précommandes novembre 23,email,447,0.91704,0,1,252.89999,0.56704,0.00448
2023-11,2023-11-12,(EN) pre-order follow up,email,49,0.85417,0,0,0,0,0
2023-11,2023-11-18,Sepaq MTL,email,4069,0.4995,0.0052,4,324.16001,0.08024,0.00842
2023-11,2023-11-22,(FR) Suivi précommandes (24oct-21nov),email,686,0.85882,0,2,275.83,0.40563,0.00147
2023-11,2023-11-22,(EN) pre-order follow up 25oct-21nov,email,21,0.7619,0,0,0,0,0
2023-11,2023-11-25,(FR) Rappel BFCM cartes-cadeaux,email,20837,0.40233,0.02184,40,5628.63002,0.27202,0.00962
2023-11,2023-11-25,(EN) BFCM cartes-cadeaux,email,5863,0.38671,0.01229,2,402.38,0.06965,0.01593
2023-12,2023-12-09,Campagne retard décembre 23,email,1514,0.88286,0,3,194.87,0.12897,0.00331
2023-12,2023-12-09,(EN) late delivery decembre 23 Campaign,email,77,0.82895,0,0,0,0,0
2023-12,2023-12-26,Boxing week,email,23560,0.44685,0.0139,21,1719.62,0.07332,0.02345
2024-01,2024-01-13,cache-cous + foulards,email,23484,0.46728,0.04104,47,4727.13,0.2023,0.01579
2024-01,2024-01-14,(EN) cache-cous + foulards,email,6427,0.44121,0.04401,5,632.7,0.09945,0.02656
2024-01,2024-01-20,Rappel cache-cous + foulards,email,23069,0.44632,0.0234,41,3768.09999,0.1639,0.01509
2024-01,2024-01-20,cache-cous + foulards,email,1897,0.33565,0.01336,0,0,0,0.05826
2024-02,2024-02-24,Vente Relâche FR,email,23431,0.47973,0.03273,52,6261.5,0.26856,0.0139
2024-02,2024-02-25,(EN) Vente février,email,6306,0.44343,0.02653,5,450.88999,0.07205,0.02605
2024-02,2024-02-29,Villes amies monarques mairie,email,54,0.56604,0.30189,0,0,0,0
2024-03,2024-03-02,Campagne nationale plantation,email,22869,0.47548,0.04209,64,2463.16999,0.10833,0.01108
2024-03,2024-03-02,Milkweed planting Campaign,email,5572,0.48133,0.06381,40,1154.24,0.20925,0.00906
2024-03,2024-03-02,USA Milkweed planting Campaign,email,574,0.33099,0.0493,3,153.78,0.27074,0
2024-03,2024-03-17,Mitaines de four,email,22854,0.49004,0.07716,72,5888.38003,0.25889,0.01231
2024-03,2024-03-23,Vente de fin de saison 2024,email,23222,0.47889,0.05123,52,6152.69998,0.26667,0.0101
2024-03,2024-03-23,Oven mitts,email,6339,0.45511,0.04656,9,853.82001,0.13615,0.01754
2024-04,2024-04-06,cosmétiques annonce,email,23039,0.46597,0.05959,8,450.96001,0.01967,0.01021
2024-04,2024-04-06,cosmetics EN,email,6299,0.425,0.0399,1,23.73,0.0038,0.0125
2024-04,2024-04-20,Bombes asclépiade,email,22966,0.46339,0.02404,152,9486.87998,0.4154,0.00709
2024-04,2024-04-20,Milkweed bombs,email,6355,0.42291,0.02469,45,2986.95004,0.47578,0.00749
2024-04,2024-04-27,Bombes florales,email,22904,0.43687,0.03503,109,9162.77001,0.40223,0.0065
2024-05,2024-05-11,Réchauffement glacière #1 (clone),email,22913,0.4382,0.0363,23,2469.60003,0.1084,0.00619
2024-05,2024-05-11,(EN) Flower bombs,email,6495,0.40826,0.03055,31,1696.92001,0.26452,0.00624
2024-05,2024-05-25,Besace - glacières mai 2024,email,22837,0.75202,0.46674,48,5301.97008,0.23324,0.00726
2024-05,2024-05-25,Shoulder tote bag,email,6404,0.58661,0.24803,8,409.67001,0.06451,0.01339
2024-06,2024-06-06,Rise cartes-cadeaux rappel,email,253,0.83333,0.42063,3,349.45,1.38671,0
2024-06,2024-06-08,Rappel Bombes fr,email,22303,0.76658,0.48975,39,2504.43,0.11279,0.0059
2024-06,2024-06-15,Cosmétiques prévente,email,1170,0.85959,0.5899,29,2666.50003,2.28296,0.00171
2024-06,2024-06-15,Upgrade Sac à lunch,email,483,0.89834,0.53527,27,871.95,1.80902,0.00415
2024-06,2024-06-22,Été,email,22656,0.76597,0.02537,42,4110.36999,0.18233,0.00719
2024-06,2024-06-22,Summer,email,6443,0.59289,0.01535,10,1132.91001,0.17746,0.01206
2024-07,2024-07-06,Juillet bombes et plus,email,22572,0.41728,0.03616,43,3583.08002,0.15957,0.01002
2024-07,2024-07-06,(EN) Juillet bombes et plus,email,6386,0.38846,0.02735,17,859.9,0.13595,0.00964
2024-07,2024-07-20,Juillet bundles FR,email,22447,0.41578,0.04601,33,3925.10004,0.17584,0.00923
2024-07,2024-07-27,Juillet bombes et plus #2,email,10934,0.11519,0.01291,6,506.75001,0.04674,0.00636
2024-07,2024-07-27,(EN) Juillet bombes et plus #2,email,3864,0.14087,0.01597,1,56.6,0.01482,0.00995
2024-08,2024-08-03,Back to school #1 FR,email,20436,0.45006,0.02629,19,2214.94001,0.10903,0.00906
2024-08,2024-08-17,Sacs à vin + étuis FR,email,20250,0.46882,0.07264,26,2992.90997,0.14849,0.00918
2024-08,2024-08-17,Sac à vin + étuis - EN,email,6429,0.38067,0.03452,5,238.49,0.03742,0.01177
2024-08,2024-08-28,Courriel corpo (noms),email,272,0.71374,0.10305,0,0,0,0.04962
2024-08,2024-08-29,Courriel corpo (générique),email,649,0.69489,0.14537,0,0,0,0.02716
2024-08,2024-08-31,Réchauffement #1 FR Prévente,email,22349,0.41669,0.02675,5,485.88,0.02188,0.00806
2024-09,2024-09-02,Warmup #1 presale,email,6362,0.40239,0.01083,1,148.03,0.02357,0.01226
2024-09,2024-09-07,Réchauffement #2 FR Prévente,email,22215,0.42688,0.06108,18,2190.28003,0.09917,0.00801
2024-09,2024-09-07,Warmup #2 presale,email,6284,0.39682,0.03038,1,141.57001,0.02275,0.01029
2024-09,2024-09-13,Réchauffement #3 FR Prévente,email,22034,0.42512,0.04902,135,16833.26997,0.76833,0.00671
2024-09,2024-09-14,"SMS Campaign - Sep 13, 2024, 4:01 PM",sms,15757,0,0.26544,128,14643.46998,1.08182,0.12145
2024-09,2024-09-14,Warmup #3 presale,email,6241,0.38095,0.02462,8,537.69999,0.08709,0.01296
2024-09,2024-09-27,suivi précommande,email,230,0.87719,0.22807,0,0,0,0.00439
2024-09,2024-09-27,suivi précommande (clone),email,6,1,0.16667,0,0,0,0
2024-09,2024-09-28,Précommande follow-up FR non-acheteur,email,21693,0.42276,0.04758,51,5396.89001,0.25028,0.00788
2024-10,2024-10-07,Coussins prob,email,40,0.9,0,0,0,0,0
2024-10,2024-10-12,(FR) Automne bandeaux etc. (clone),email,26507,0.41321,0.02698,28,3080.11997,0.11688,0.02641
2024-10,2024-10-12,(EN) Fall headbands etc.,email,5405,0.40403,0.02558,4,604.92001,0.11294,0.00915
2024-11,2024-11-03,Promo novembre,email,25891,0.43548,0.03819,50,6538.18999,0.25372,0.0201
2024-11,2024-11-05,Promo novembre (clone),email,5369,0.41946,0.01844,5,462.73999,0.08708,0.01675
2024-11,2024-11-05,suivi précommande novembre,email,382,0.89764,0.2231,1,11.49,0.03016,0.00262
2024-11,2024-11-05,Courriel corpo NOEL (générique),email,614,0.37353,0.1273,0,0,0,0.0201
2024-11,2024-11-05,Courriel corpo (noms) NOEL,email,248,0.42979,0.05106,0,0,0,0.02979
2024-11,2024-11-15,suivi précommande novembre Greve Postes Can,email,303,0.88372,0.00997,0,0,0,0
2024-11,2024-11-16,Promo novembre 16 nov,email,25599,0.43632,0.0238,50,7114.89997,0.27993,0.01711
2024-11,2024-11-26,suivi précommande novembre Greve Postes Can (clone),email,376,0.89305,0,0,0,0,0
2024-11,2024-11-30,SMS Campaign - 30 novembre,sms,16130,0,0,0,0,0,0.07855
2024-12,2024-12-01,Concours - annonce finale,email,24006,0.4519,0.01495,46,6285.92002,0.26328,0.01876
2024-12,2024-12-08,Suivi commandes timbres,email,121,0.85124,0.09917,2,313.83,2.59364,0.00826
2024-12,2024-12-12,Entrepot Lasclay 12 décembre,email,83,0.90361,0.3253,0,0,0,0
2024-12,2024-12-12,DDD 12 décembre,email,83,0.86585,0,0,0,0,0
2024-12,2024-12-14,Cutoff décembre,email,23870,0.45722,0.01184,43,5126.87004,0.216,0.01218
2024-12,2024-12-15,Cutoff décembre (clone),email,23620,0.46499,0.0166,41,4300.45001,0.18305,0.01196
2024-12,2024-12-15,Cutoff décembre (ontario),email,1518,0.4691,0.01595,4,338.61999,0.225,0.01395
2024-12,2024-12-17,precommande tuque janvier,email,21,0.85714,0,0,0,0,0
2024-12,2024-12-18,Marché de Noel QC,email,7292,0.49374,0.02533,4,412.95,0.05747,0.03006
2024-12,2024-12-18,Entrepot Lasclay 18 décembre,email,20,0.95,0.85,0,0,0,0
2024-12,2024-12-22,Noel non bredouille,email,635,0.8357,0,6,605.23999,0.95615,0.00948
2025-01,2025-01-11,Tirage concours novembre,email,717,0.85795,0.6301,2,28.62,0.04025,0.01688
2025-01,2025-01-11,Reship graines timbre,email,89,0.66292,0,0,0,0,0
2025-01,2025-01-11,Reship graines timbre colis,email,29,0.75862,0,0,0,0,0.03448
2025-01,2025-01-15,Suivi commandes produit manquant,email,97,0.94681,0,0,0,0,0
2025-01,2025-01-15,Suivi commandes tuques,email,67,0.95455,0,0,0,0,0
2025-01,2025-01-19,Imparfait + asclépiade,email,24035,0.51173,0.12425,48,3067.79,0.12847,0.01353
2025-02,2025-02-01,Vente de fin de saison 2025,email,23955,0.47902,0.06236,148,15809.29994,0.66476,0.00967
2025-02,2025-02-08,[Follow-up] Vente de fin de saison 2025,email,6369,0.53139,0.06719,42,3930.03999,0.61842,0.01054
2025-02,2025-02-15,Rappel - fin de saison 25 + réchauffement jardin,email,23850,0.48555,0.05964,69,7050.56999,0.29697,0.01074
2025-02,2025-02-16,Vente de fin de saison 2025 (EN),email,7084,0.43876,0.03779,20,1520.96,0.21688,0.01312
2025-03,2025-03-08,Dernier rappel - fin de saison 2025 + manteau + recyclage + réchauffement jardin 2,email,24543,0.53126,0.06861,60,5468.58997,0.22346,0.00866
2025-03,2025-03-15,Dernier rappel - fin de saison 2025 + manteau + recyclage + réchauffement jardin 2 (clone),email,7170,0.54694,0.05365,16,1087.59001,0.15194,0.00768
2025-03,2025-03-22,CAMPAGNE PLANTATION 2025,email,23996,0.49336,0.01563,34,2133.75001,0.08916,0.00752
2025-03,2025-03-23,MILKWEED CAMPAIGN,email,5055,0.42496,0.02711,12,745.15999,0.14853,0.00937
2025-03,2025-03-29,[Follow-up] CAMPAGNE PLANTATION 2025,email,6377,0.54257,0.02042,12,570.18,0.08957,0.00613
2025-03,2025-03-29,[Follow-up] MILKWEED CAMPAIGN,email,594,0.56492,0.03541,4,266.85,0.45,0.00675
2025-04,2025-04-12,Bombes 12 avril 2024,email,24487,0.47373,0.01836,52,3600.96998,0.14757,0.00832
2025-04,2025-04-12,Bombs APRIL 12,email,4476,0.47077,0.01821,20,1495.99999,0.33633,0.00652
2025-04,2025-04-12,Bombs APRIL 12  USA,email,4465,0.42793,0.01988,20,840.49,0.1899,0.00881
2025-04,2025-04-12,Plantation SMS,sms,12539,0,0,0,0,0,0.06511
2025-04,2025-04-19,[Follow-up] Bombes 12 avril 2024 (clone),email,5172,0.26522,0.01105,8,613.80999,0.119,0.00756
2025-04,2025-04-19,[Follow-up] Bombs APRIL 12 (clone),email,475,0.29684,0.01474,3,115.22,0.24257,0.01474
2025-04,2025-04-19,[Follow-up] Bombs APRIL 12  USA (clone),email,240,0.35565,0.02929,0,0,0,0.00418
2025-04,2025-04-19,[Follow-up] Bombes 12 avril 2024,email,3,0.33333,0,0,0,0,0
2025-05,2025-05-03,Précommande été 2025,email,24820,0.49162,0.05359,55,5225.42005,0.21166,0.00968
2025-05,2025-05-10,Précommande été 2025 (clone),email,7267,0.53241,0.05145,23,1921.19,0.26499,0.00938
2025-05,2025-05-10,preorder summer 2025 canada,email,4628,0.47528,0.02919,7,484.78001,0.10559,0.0098
2025-05,2025-05-18,Réchauffement manteaux #1,email,24843,0.50322,0.02332,12,867.93,0.03514,0.00769
2025-05,2025-05-24,Bombs APRIL 12  USA (clone) (clone),email,4372,0.47272,0.01202,9,720.09999,0.16646,0.00786
2025-05,2025-05-24,Bombs APRIL 12  USA (clone),email,4812,0.43004,0.01362,12,474.23,0.09934,0.00901
2025-05,2025-05-29,Réchauffement manteaux #2,email,24797,0.48727,0.06125,25,6359.03998,0.25828,0.00707
2025-05,2025-05-31,Réchauffement manteaux #3,email,24659,0.48078,0.03886,155,38843.41006,1.58545,0.00837
2025-06,2025-06-07,Rappel manteaux  + fin saison bombes,email,24115,0.48471,0.03025,30,4688.14995,0.19561,0.00947
2025-06,2025-06-17,"Email Campaign - Jun 17, 2025, 10:28 AM",email,11,0.90909,0,0,0,0,0
2025-06,2025-06-20,Suivi besace,email,27,0.96296,0,0,0,0,0
2025-06,2025-06-21,Campagné été 2025 (EN),email,12222,0.45987,0.02033,16,747.24001,0.06176,0.01934
2025-06,2025-06-21,Campagné été 2025,email,24047,0.46555,0.01331,7,592.69001,0.02481,0.01067
2025-06,2025-06-25,(Limoilou) R&D reach out 1,email,193,0.6114,0.09845,0,0,0,0.01036
2025-06,2025-06-26,Campagné été 2025 (EN) (follow-up),email,6935,0.15512,0.0076,3,158.55,0.02318,0.01272
2025-06,2025-06-26,(Ville QC) R&D reach out 2,email,675,0.6209,0.10149,0,0,0,0.00448
2025-06,2025-06-26,(Banlieues éloignées) R&D reach out 3,email,908,0.6011,0.05635,0,0,0,0.00994
2025-06,2025-06-28,Campagné été 2025 (follow-up),email,13188,0.13318,0.00704,4,363.19,0.0278,0.00911
2025-07,2025-07-01,RV R&D,email,114,0.81579,0.45614,0,0,0,0.00877
2025-07,2025-07-05,Retailles infolettre,email,24636,0.4707,0.00588,6,442.51,0.01807,0.01045
2025-07,2025-07-12,Juillet bombes et plus 2025,email,20494,0.53416,0.03426,34,1928.11,0.09437,0.01375
2025-07,2025-07-19,July sale EN-CA,email,3378,0.62993,0.03704,4,164.94,0.04927,0.01792
2025-07,2025-07-19,July sale EN-US,email,6344,0.50095,0.02299,5,97.44,0.01545,0.0241
2025-08,2025-08-02,Back to school 2025 FR,email,20182,0.55034,0.02296,16,1787.09,0.08899,0.01509
2025-08,2025-08-02,Suivi manteaux,email,218,0.92093,0.72093,0,0,0,0
2025-08,2025-08-14,Suivi précommande août,email,36,0.91667,0,0,0,0,0
2025-08,2025-08-16,Back to school #2 2025 FR,email,23523,0.47409,0.02142,16,1848.82002,0.07904,0.01077
2025-08,2025-08-30,Warmup presale 2025 #1,email,9616,0.51232,0.03167,18,1322.52999,0.13867,0.01531
2025-08,2025-08-30,Réchauffement prévente 2025 #1 FR,email,20680,0.5377,0.03187,6,702.57,0.03413,0.01088
2025-09,2025-09-06,Réchauffement prévente 2025 #2,email,10548,0.8675,0.05378,8,1074.13,0.10188,0.01053
2025-09,2025-09-06,follow-up Warmup presale 2025 #1,email,6126,0.29547,0.01888,12,682.57001,0.11204,0.00936
2025-09,2025-09-06,Warm-up presale 2025 #2 EN,email,4396,0.84059,0.03238,7,283.77,0.06471,0.01802
2025-09,2025-09-06,follow-up Réchauffement prévente 2025 #1 FR,email,13106,0.28155,0.01936,1,81.6,0.00624,0.01592
2025-09,2025-09-11,Réchauffement #3 FR Prévente 2025,email,12967,0.81254,0.05277,40,6348.47003,0.48974,0.01065
2025-09,2025-09-11,follow-up Réchauffement prévente 2025 #2 FR,email,8134,0.1349,0.00996,6,969.43,0.11921,0.00566
2025-09,2025-09-11,Warmup #3 EN presale 2025,email,6123,0.78766,0.03143,11,861.26,0.14101,0.01457
2025-09,2025-09-11,follow-up Warmup presale 2025 #2,email,3487,0.14347,0.00922,2,197.29,0.05684,0.00634
2025-09,2025-09-13,Réchauffement #4 FR Prévente 2025,email,21286,0.53424,0.04855,180,26394.5601,1.24064,0.00954
2025-09,2025-09-13,Warmup #4 EN presale 2025,email,10996,0.47282,0.02281,30,3524.50999,0.32152,0.01523
2025-09,2025-09-13,presale lasclay 2025 SMS USA,sms,2356,0,0,0,0,0,0.09228
2025-09,2025-09-13,prévente lasclay 2025 SMS,sms,11273,0,0,0,0,0,0.03242
2025-09,2025-09-20,Précommande follow-up FR non-acheteur,email,18826,0.58441,0.03008,25,3137.05,0.16674,0.00935
2025-09,2025-09-20,Suivi précommande Acheteur,email,188,0.92513,0.14439,2,407.82,2.18086,0
2025-09,2025-09-20,Suivi manteaux,email,250,0.924,0.456,1,160.92999,0.64372,0.004
2025-09,2025-09-27,Précommande follow-up #2 FR non-acheteur,email,10367,0.28705,0.01709,4,270.11,0.02608,0.00666
2025-10,2025-10-11,2025 (FR) Automne bandeaux etc.,email,19755,0.50545,0.01717,17,1566.68998,0.07937,0.0077
2025-10,2025-10-11,2025 (EN) Fall headbands etc.,email,3906,0.49884,0.02003,4,478.66,0.12289,0.0095
2025-10,2025-10-18,Concours automne 2025,email,19478,0.53407,0.024,23,3246.02998,0.16679,0.00735
2025-10,2025-10-18,[Follow-up] 2025 (EN) Fall headbands etc.,email,49,0.42857,0.02041,0,0,0,0
2025-10,2025-10-19,Fall contest 2025,email,3834,0.51531,0.01544,3,506.57,0.13258,0.01282
2025-10,2025-10-23,follow-up Concours automne 2025,email,9495,0.16851,0.00685,4,452.91,0.04773,0.00569
2025-10,2025-10-23,follow-up Fall contest 2025,email,1955,0.19816,0.00973,0,0,0,0.01126
2025-10,2025-10-25,Suivi manteaux oct,email,270,0.88889,0,0,0,0,0
2025-11,2025-11-01,Follow-up Concours automne 2025 + Lancement mini-collection Asclépiade et Monarque,email,19297,0.51766,0.01509,34,5793.16997,0.3004,0.00622
2025-11,2025-11-01,Clone Follow-up Concours automne 2025 + Lancement mini-collection Asclépiade et Monarque,email,11338,0.47519,0.01577,8,909.24001,0.08055,0.01302
2025-11,2025-11-05,Follow-up 2 Concours automne 2025 + Lancement mini-collection Asclépiade et Monarque,email,9716,0.15715,0.0068,10,1013.79,0.10447,0.00598
2025-11,2025-11-05,Suivi précommande Acheteur #2,email,522,0.86756,0.14779,6,672.42,1.29063,0.00576
2025-11,2025-11-05,Clone Suivi précommande Acheteur #2,email,172,0.87135,0.29825,2,527.66,3.08573,0
2025-11,2025-11-05,Follow-up #2 EN Concours automne 2025 + Lancement mini-collection Asclépiade et Monarque,email,6226,0.16083,0.00775,3,283.81001,0.04583,0.00727
2025-11,2025-11-08,Follow-up 3 Concours automne 2025 + Imparfaits,email,19174,0.50937,0.019,47,5135.85996,0.26804,0.00595
2025-11,2025-11-08,fall contest + warmup EN,email,11473,0.45944,0.01694,16,2065.86001,0.18038,0.01022
2025-11,2025-11-13,Follow-up jeudi Concours automne 2025 + Imparfaits,email,9982,0.17133,0.00902,8,1516.07999,0.15199,0.00471
2025-11,2025-11-13,Follow-up fall contest + warmup EN,email,6535,0.17479,0.00751,2,124.33,0.01905,0.00735
2025-11,2025-11-14,défricheuses,email,12,0.91667,0.66667,0,0,0,0
2025-11,2025-11-15,warmup EN traduit FR,email,18975,0.50348,0.0184,38,11047.92,0.58245,0.00527
2025-11,2025-11-16,Fall contest 2025,email,1907,0.17638,0.0084,0,0,0,0.01102
2025-11,2025-11-18,"Campaign Nov 18, 2025, 11:58 AM",email,296,0.93243,0,2,132.17,0.44652,0.00338
2025-11,2025-11-18,Retard mitaines urbaines,email,190,0.91053,0.01053,2,97.7,0.51421,0.00526
2025-11,2025-11-18,EN Retard mitaines urbaines,email,12,1,0.08333,0,0,0,0
2025-11,2025-11-18,Manteaux suivi EN,email,10,0.9,0.1,0,0,0,0
2025-11,2025-11-19,Clone warmup EN traduit FR,email,9956,0.1624,0.01015,11,1798.96001,0.18078,0.00573
2025-11,2025-11-19,Clone Follow-up fall contest + warmup EN,email,5456,0.12564,0.00478,4,460.13,0.08452,0.00661
2025-11,2025-11-22,Concours automne 2025 + collab et matieres,email,18045,0.50576,0.01979,31,3427.54001,0.19,0.00682
2025-11,2025-11-22,Clone fall contest + warmup EN,email,10533,0.44838,0.01473,7,1082.30001,0.10288,0.01027
2025-11,2025-11-26,follow-up mercredi Concours automne 2025 + collab et matieres,email,10625,0.20631,0.01008,11,1576.02001,0.1484,0.00631
2025-11,2025-11-26,Follow-up fall contest + warmup EN,email,6103,0.15069,0.00509,3,343.09,0.05632,0.00952
2025-11,2025-11-28,Suivi commandes + excuses,email,452,0.90889,0.07111,2,436.88001,0.97084,0.00444
2025-11,2025-11-29,Récolte infolettre nov,email,18742,0.49525,0.01506,41,5510.78002,0.29422,0.00849
2025-12,2025-12-02,Vérification grandeur mitaines FR,email,347,0.90435,0.26087,4,495.47,1.43614,0.0029
2025-12,2025-12-03,follow-up mercredi Récolte infolettre nov,email,9929,0.16394,0.01281,16,2930.11001,0.29543,0.00635
2025-12,2025-12-03,Manteaux suivi,email,306,0.94118,0,4,720.72997,2.35533,0.00327
2025-12,2025-12-06,"Campaign Dec 6, 2025, 7:17 AM",email,18938,0.5169,0.01571,50,6002.05999,0.31742,0.00635
2025-12,2025-12-06,fin prochaine concours,email,8894,0.48032,0.01188,8,1285.07,0.14534,0.0181
2025-12,2025-12-08,AIDE clients QC,email,2443,0.59738,0,6,819.27,0.3359,0.00697
2025-12,2025-12-12,Clone Suivi commandes + excuses,email,1073,0.88049,0,4,590.89001,0.55172,0.00373
2025-12,2025-12-12,EN Clone Suivi commandes + excuses,email,75,0.86486,0,0,0,0,0
2025-12,2025-12-13,Concours automne 2025 deadline,email,18175,0.49003,0.00997,44,5589.45,0.30786,0.00672
2025-12,2025-12-16,Manteaux suivi,email,325,0.90462,0,0,0,0,0
2025-12,2025-12-17,EN Manteaux suivi,email,14,0.85714,0,0,0,0,0
2025-12,2025-12-18,Manteaux suivi (clone),email,328,0.90854,0,1,126.45,0.38552,0
2025-12,2025-12-20,Cartes-cadeaux,email,19613,0.5134,0.0047,24,2329.71,0.11889,0.00684
2025-12,2025-12-20,Suivi précommandes,email,642,0.91277,0,6,52.87,0.08235,0
2025-12,2025-12-21,Suivi précommandes offre cartes,email,573,0.91099,0.54974,131,692.54,1.20862,0.00349
2025-12,2025-12-21,EN Suivi commandes,email,87,0.86207,0.47126,32,174.29,2.00333,0.01149
2025-12,2025-12-27,Boxing day,email,18754,0.52578,0.027,34,3336.71001,0.17807,0.01227
2026-01,2026-01-07,Manteaux suivi final,email,170,0.92308,0,0,0,0,0
2026-01,2026-01-12,Suivi précommandes,email,206,0.92718,0,2,126.45,0.61383,0
2026-01,2026-01-24,Vente de fin de saison 2026,email,20489,0.54517,0.06381,91,10637.32002,0.52052,0.00739
2026-01,2026-01-24,end of season 2026,email,11629,0.48552,0.02973,18,1668.74999,0.14422,0.00769
2026-01,2026-01-25,Vente de fin de saison 2026 (erratum),email,20327,0.5406,0.02465,85,9340.28005,0.46054,0.01006
2026-01,2026-01-25,end of season 2026 (clone),email,11546,0.49373,0.0141,10,1012.34,0.08811,0.01906
2026-01,2026-01-27,tuques jaunes,email,77,0.8961,0,1,172.44,2.23948,0.01299
2026-01,2026-01-27,yellow beanies,email,5,1,0,0,0,0,0
2026-01,2026-01-31,Vente de fin de saison 2026 (follow-up),email,8226,0.1458,0.02172,9,839.93001,0.10248,0.00561
2026-01,2026-01-31,end of season 2026 (follow-up),email,5215,0.12551,0.01412,2,177.14,0.03426,0.00658
2026-02,2026-02-01,Vente de fin de saison 2026 (erratum) (follow-up),email,8187,0.13736,0.00907,10,1321.77001,0.16196,0.00478
2026-02,2026-02-01,end of season 2026 (erratum follow-up),email,5182,0.12709,0.00409,1,51.96,0.01011,0.01109
2026-02,2026-02-07,Vente de fin de saison 2026 (#2),email,20431,0.54089,0.03604,80,10150.35001,0.49771,0.00814
2026-02,2026-02-14,Vente de fin de saison 2026 (#2) follow up,email,9704,0.16137,0.01383,4,471.86001,0.04872,0.00516
2026-02,2026-02-21,Vente de fin de saison 2026 (#3) follow up,email,20823,0.54768,0.03179,32,4698.50001,0.22597,0.00822
2026-03,2026-03-01,Tirage monarques,email,20820,0.53549,0.0704,15,1928.52,0.09274,0.00558
2026-03,2026-03-03,erratum,email,20870,0.5177,0.00988,15,1379.81001,0.06619,0.00667
2026-03,2026-03-14,Milkweed planting Campaign (2026) (US),email,8018,0.43289,0.04537,46,2499.8,0.3133,0.00714
2026-03,2026-03-14,Milkweed planting Campaign (2026),email,4283,0.51677,0.05255,16,1072.60002,0.25161,0.00962
2026-03,2026-03-14,(region QC) Campagne nationale plantation 2026,email,21874,0.5292,0.024,17,969,0.04438,0.00843
2026-04,2026-04-04,(region QC) Campagne nationale plantation 2026 (clone),email,21608,0.5214,0.03274,29,1626.39,0.07543,0.00751
2026-04,2026-04-04,NATIONAL PLANTING CAMPAIGN 2026,email,11783,0.44513,0.0317,41,1606.95,0.13692,0.0098
2026-04,2026-04-18,Cosmétiques prévente (clone),email,20187,0.57464,0.06151,100,7547.03005,0.37406,0.00753
2026-05,2026-05-02,Précommande été 2026,email,19933,0.52485,0.04713,55,4592.52999,0.23053,0.00743
2026-05,2026-05-02,Précommande été 2026 (EN),email,3665,0.52488,0.03308,2,78.52,0.02147,0.0123
2026-05,2026-05-18,Réchauffement prévente 2026 #1,email,20265,0.53635,0.0501,7,459.28,0.02267,0.0075
2026-05,2026-05-24,Réchauffement prévente 2026 #2 - video doc,email,19308,0.60457,0.13029,11,1255.84,0.06506,0.00627
2026-05,2026-05-28,Réchauffement prévente 2026 #3 - video cache-cou,email,19197,0.55737,0.10228,61,8618.5,0.44907,0.00516
2026-05,2026-05-30,Réchauffement prévente 2026 #4,email,19103,0.5334,0.0534,330,52159.45997,2.73086,0.00555
2026-05,2026-05-30,prévente printemps 2026 SMS,sms,21336,0,0,0,0,0,0.05024
2026-05,2026-05-31,Réchauffement prévente 2026 remerciement,email,21273,0.48598,0.02634,53,7183.74999,0.33852,0.009
2026-06,2026-06-18,Suivi prévente 2026 commandes,email,341,0.87353,0.1,1,72.43,0.21303,0.00294
2026-06,2026-06-20,Suivi prévente 2026,email,18802,0.52692,0.02559,15,2060.20004,0.10962,0.00787
2026-07,2026-07-31,2026-07-31 Terrains asclepiade - suivi + subvention,email,57,0.73684,0,0,0,0,0
2026-08,2026-08-02,2026-07-31 Infolettre FR - nouvelles ete + rentree,email,19040,0.54249,0.06213,20,2297.59002,0.12098,0.00537
2026-08,2026-08-02,2026-07-31 Infolettre FR - suivi precommande,email,394,0.8855,0.01272,0,0,0,0
2026-08,2026-08-08,2026-08 Chenilles plantation - FR,email,19136,0.53801,0.02509,4,247.12,0.01292,0.00502
2026-08,2026-08-23,Warmup presale 2026 #1,email,5838,0.47623,0.03669,2,259.86,0.04476,0.00723
2026-08,2026-08-23,Réchauffement prévente 2026 #1 FR,email,18953,0.51252,0.01748,1,114.96,0.00607,0.00549
