campaign_id,name,channel,send_time,recipients,open_rate,click_rate,conversions,conversion_value,rpr,unsub_rate
01HACSGT9WJEH0PAYW4A5ZXD5A,Réchauffement #2 prévente automnale 2023,email,"September 15, 2023, 16:30",21007,0.47633,0.0452,179,17784.5001,0.84797,0.00663
01HVWVX7N7HMHNYSQQANZF053A,Bombes asclépiade,email,"April 20, 2024, 12:00",22966,0.46339,0.02404,152,9486.87998,0.4154,0.00709
01HWF3XQMYDH85HDYG3MMAN3M7,Bombes florales,email,"April 27, 2024, 12:00",22904,0.43687,0.03503,109,9162.77001,0.40223,0.0065
01HAW25S7E1HV5AEBZ5VF4ZQD8,Suivi #1 NON-ACHETEUR prévente automnale 2023,email,"September 23, 2023, 12:00",20714,0.46671,0.04028,97,8008.00002,0.38725,0.00624
01HNDKDQ3G59FCPG3Q2MYY56HP,Vente Relâche FR,email,"February 24, 2024, 08:00",23431,0.47973,0.03273,52,6261.5,0.26856,0.0139
01HSMFM4XFN248VM5XBHZ1Z8NQ,Vente de fin de saison 2024,email,"March 23, 2024, 12:00",23222,0.47889,0.05123,52,6152.69998,0.26667,0.0101
01HS5FYGYJKC9PHM49R5XQAG0H,Mitaines de four,email,"March 17, 2024, 12:00",22854,0.49004,0.07716,72,5888.38003,0.25889,0.01231
01HG35WQWJB0H5Z5MY2R0TWTGT,(FR) Rappel BFCM cartes-cadeaux,email,"November 25, 2023, 12:45",20837,0.40233,0.02184,40,5628.63002,0.27202,0.00962
01HYPMBRKNMK5CRGYKZGTF6TR6,Besace - glacières mai 2024,email,"May 25, 2024, 12:00",22837,0.75202,0.46674,48,5301.97008,0.23324,0.00726
01HCT311A7YYMXEJYG6WF5GR8R,(FR) Automne bandeaux etc.,email,"October 15, 2023, 16:45",21059,0.47072,0.03843,51,5159.07997,0.2454,0.00766
01HM1MMABDZR6H62XY6NYGQE0M,cache-cous + foulards,email,"January 13, 2024, 15:04",23484,0.46728,0.04104,47,4727.13,0.2023,0.01579
01J0YTK8E2HMSNXZG0MK2MPVVE,Été,email,"June 22, 2024, 11:00",22656,0.76597,0.02537,42,4110.36999,0.18233,0.00719
01HF1XMFNNRESDBR91A31K5WG3,(FR) BFCM cartes-cadeaux,email,"November 12, 2023, 14:23",20099,0.45815,0.02084,34,3968.09998,0.19828,0.01039
01J35ZWZF5XP0MQSCXN6RKM7JT,Juillet bundles FR,email,"July 20, 2024, 12:00",22447,0.41578,0.04601,33,3925.10004,0.17584,0.00923
01HMKFADZCPCD24NKM68T9XYED,Rappel cache-cous + foulards,email,"January 20, 2024, 13:15",23069,0.44632,0.0234,41,3768.09999,0.1639,0.01509
01J23V5EV2VG28GDY25A1QAJJS,Juillet bombes et plus,email,"July 06, 2024, 12:15",22572,0.41728,0.03616,43,3583.08002,0.15957,0.01002
01J5E6R2J36NK1XGEKRBK77SE7,Sacs à vin + étuis FR,email,"August 17, 2024, 12:00",20250,0.46882,0.07264,26,2992.90997,0.14849,0.00918
01HVWYRCF2TGDDNBNQG52TK3GT,Milkweed bombs,email,"April 20, 2024, 13:00",6355,0.42291,0.02469,45,2986.95004,0.47578,0.00749
01J0D17Z7F76EWXFMH9Q6YH1BW,Cosmétiques prévente,email,"June 15, 2024, 11:30",1170,0.85959,0.5899,29,2666.50003,2.28296,0.00171
01HZTVZ10D9N869BJQ8PYQST6J,Rappel Bombes fr,email,"June 08, 2024, 12:00",22303,0.76658,0.48975,39,2504.43,0.11279,0.0059
01HXKJYX7NDB605XNZPAZ2WNQ6,Réchauffement glacière #1 (clone),email,"May 11, 2024, 13:15",22913,0.4382,0.0363,23,2469.60003,0.1084,0.00619
01HQBNJHJ2ASA2Y7Y002APBVZM,Campagne nationale plantation,email,"March 02, 2024, 13:00",22869,0.47548,0.04209,64,2463.16999,0.10833,0.01108
01J4AA9QEGBGZBSW01NKCC2WJR,Back to school #1 FR,email,"August 03, 2024, 12:00",20436,0.45006,0.02629,19,2214.94001,0.10903,0.00906
01HACV5EWBP0PCWR4C88ZNM55T,WARMUP #2 Fall pre-sale 2023,email,"September 15, 2023, 17:00",5571,0.43254,0.02471,19,2111.06003,0.38078,0.01172
01HJJZSM1XW9DNQXHCM309CWQY,Boxing week,email,"December 26, 2023, 13:00",23560,0.44685,0.0139,21,1719.62,0.07332,0.02345
01HXJWV9YVX101GD64T21K7NMC,(EN) Flower bombs,email,"May 11, 2024, 13:00",6495,0.40826,0.03055,31,1696.92001,0.26452,0.00624
01HQTR1VJVA3CTCRB193FWAEDW,Milkweed planting Campaign,email,"March 02, 2024, 15:00",5572,0.48133,0.06381,40,1154.24,0.20925,0.00906
01J0Z4Y5RK5Q2AT4C948KVTCD2,Summer,email,"June 22, 2024, 13:30",6443,0.59289,0.01535,10,1132.91001,0.17746,0.01206
01HAW6DJ353NNZ346YAWKPE93F,Follow-up #1 NON-BUYER Fall presale 2023,email,"September 23, 2023, 13:30",5484,0.42192,0.02859,12,1054.34001,0.19324,0.0055
01J0CGWW18EAE80P197HSVVSBT,Upgrade Sac à lunch,email,"June 15, 2024, 11:30",483,0.89834,0.53527,27,871.95,1.80902,0.00415
01J23ZAFSYP9MEZNC7NPBHPTHD,(EN) Juillet bombes et plus,email,"July 06, 2024, 13:00",6386,0.38846,0.02735,17,859.9,0.13595,0.00964
01HSMBN0ZQFY14MX4XWX4RHDPG,Oven mitts,email,"March 23, 2024, 08:30",6339,0.45511,0.04656,9,853.82001,0.13615,0.01754
01HM49N1QTXYPYZ5GYK794TWDB,(EN) cache-cous + foulards,email,"January 14, 2024, 15:42",6427,0.44121,0.04401,5,632.7,0.09945,0.02656
01J3QHJVCJSDNGJA99FM8YWXEY,Juillet bombes et plus #2,email,"July 27, 2024, 12:00",10934,0.11519,0.01291,6,506.75001,0.04674,0.00636
01HTRJAF3Z1SGX23Y886SX326G,cosmétiques annonce,email,"April 06, 2024, 12:00",23039,0.46597,0.05959,8,450.96001,0.01967,0.01021
01HNDKGQ6C1CHNETQDWARN6WDD,(EN) Vente février,email,"February 25, 2024, 15:00",6306,0.44343,0.02653,5,450.88999,0.07205,0.02605
01HYPVVCW56E49TT1Q1YPT2Y7B,Shoulder tote bag,email,"May 25, 2024, 13:00",6404,0.58661,0.24803,8,409.67001,0.06451,0.01339
01HG37GWAHC98ZX1ZNKTRNA7R0,(EN) BFCM cartes-cadeaux,email,"November 25, 2023, 13:30",5863,0.38671,0.01229,2,402.38,0.06965,0.01593
01HCT2TSXQC8RS6ZY6C5KZ50C9,(EN) Fall headbands etc.,email,"October 15, 2023, 17:05",5764,0.44088,0.03488,8,390.66999,0.06813,0.00907
01HZQ81669QEESHZV0APP64M6C,Rise cartes-cadeaux rappel,email,"June 06, 2024, 17:28",253,0.83333,0.42063,3,349.45,1.38671,0
01HFHA4JSY93ADBN4QVDN58TZ8,Sepaq MTL,email,"November 18, 2023, 14:08",4069,0.4995,0.0052,4,324.16001,0.08024,0.00842
01HFW6P21WPP17PZ9PSF7V8NSF,(FR) Suivi précommandes (24oct-21nov),email,"November 22, 2023, 19:09",686,0.85882,0,2,275.83,0.40563,0.00147
01HF1T8BYZD5RWN2N3H8593J7J,(FR) Suivi précommandes novembre 23,email,"November 12, 2023, 13:13",447,0.91704,0,1,252.89999,0.56704,0.00448
01H9AZKW94D0862Y49WVRHP5RK,Réchauffement #1 prévente automnale 2023,email,"September 02, 2023, 14:30",21137,0.48818,0.07511,3,250.06001,0.01185,0.00796
01J5E9HC3X9NHDTQ4CRHNYTX6A,Sac à vin + étuis - EN,email,"August 17, 2024, 13:00",6429,0.38067,0.03452,5,238.49,0.03742,0.01177
01HH5MDVZH7Q4XEPJVH9RFQ5QX,Campagne retard décembre 23,email,"December 09, 2023, 08:00",1514,0.88286,0,3,194.87,0.12897,0.00331
01HQTTSQDACXG3466MMEGQP24T,USA Milkweed planting Campaign,email,"March 02, 2024, 15:00",574,0.33099,0.0493,3,153.78,0.27074,0
01J3QJKBTSC7FTPCYYG3CT63F6,(EN) Juillet bombes et plus #2,email,"July 27, 2024, 13:30",3864,0.14087,0.01597,1,56.6,0.01482,0.00995
01H9B4NMJVFTTKCSZRJGQRESB9,WARMUP #1 Fall pre-sale 2023,email,"September 02, 2023, 15:30",5653,0.43886,0.03893,2,36.12,0.00642,0.01262
01HTRKRFXZ5PN59QRKYTV895Y1,cosmetics EN,email,"April 06, 2024, 13:00",6299,0.425,0.0399,1,23.73,0.0038,0.0125
01H8Q55XDQS65B2G8SJKPCM3WF,Suivi sac lunch + switch,email,"August 27, 2023, 08:00",196,0.81538,0,0,0,0,0
01HAW0HMPN3SP9J3HC5ZKBJ0YZ,Suivi #1 ACHETEUR prévente automnale 2023,email,"September 23, 2023, 08:00",191,0.93684,0.1,0,0,0,0
01HF1TZQ3G92EE2ER0VDH6KQXY,(EN) pre-order follow up,email,"November 12, 2023, 13:27",49,0.85417,0,0,0,0,0
01HH5PHDJKYMBRQN4S1NAHZ654,(EN) late delivery decembre 23 Campaign,email,"December 09, 2023, 09:00",77,0.82895,0,0,0,0,0
01HMKEB4DQNK1YEZA4K4A36VMK,cache-cous + foulards,email,"January 20, 2024, 12:59",1897,0.33565,0.01336,0,0,0,0.05826
01HQTWR9WP41K7NERGP0967CYQ,Villes amies monarques mairie,email,"February 29, 2024, 18:06",54,0.56604,0.30189,0,0,0,0
01HAW5E1XH04AKDY9BMFQVVYHD,(EN) follow-up #1 buyer Fall presale 2023,email,"September 23, 2023, 13:00",21,0.85714,0.04762,0,0,0,0
01HFW74YXF4MCGXR7EE4RD1997,(EN) pre-order follow up 25oct-21nov,email,"November 22, 2023, 19:17",21,0.7619,0,0,0,0,0
