id	titre	handle	statut	type	tags	stock_total	url_boutique	variantes	images	collections	cree_le	maj_le
8652407767259	2x Besace	2x-besace	DRAFT			17		36	8	Rentrée 24 - Combos Besaces et Sacs à Lunch	2024-08-03	2026-08-18
8652340625627	2x Sac Lunch	2x-sac-lunch	DRAFT			88		36	12	Rentrée 24 - Combos Besaces et Sacs à Lunch	2024-08-02	2026-08-23
8652418187483	4x Besace	4x-besace	DRAFT			-50		90	6	Rentrée 24 - Combos Besaces et Sacs à Lunch	2024-08-03	2026-08-18
8652341379291	4x Sac Lunch	4x-sac-lunch	DRAFT			52		90	10	Rentrée 24 - Combos Besaces et Sacs à Lunch	2024-08-02	2026-08-23
8636711403739	6 Illustrations Asclépiade et Monarques	illustrations-asclepiade-monarque	ARCHIVED			19		1	3	Combos promotionnels	2024-07-18	2026-06-27
6148261544098	Asclépiade 01 - Illustration 8x10	asclepias-01-print-8x10	ACTIVE	Affiche	art-print;home;no-returns;Product-Collection-All;wall-art	19	https://lasclay.com/products/asclepias-01-print-8x10	2	2	Imprimés;Produits connexes;Pour la maison;BFCM;Boxing week 2023	2021-02-17	2026-07-30
6149278630050	Asclépiade 02 - Illustration 8x10	asclepias-02-print-8x10	ACTIVE	Affiche	art-print;home;no-returns;Product-Collection-All;wall-art	19	https://lasclay.com/products/asclepias-02-print-8x10	2	2	Imprimés;Produits connexes;Pour la maison;BFCM;Boxing week 2023	2021-02-18	2026-07-30
6149293015202	Asclépiade 03 - Illustration 8x10	asclepias-03-print-8x10	ACTIVE	Affiche	art-print;home;no-returns;Product-Collection-All;wall-art	24	https://lasclay.com/products/asclepias-03-print-8x10	2	2	Imprimés;Produits connexes;Pour la maison;BFCM;Boxing week 2023	2021-02-18	2026-07-30
6149324243106	Asclépiade 04 - Illustration 8x10	asclepias-04-print-8x10	ACTIVE	Affiche	art-print;home;no-returns;Product-Collection-All;wall-art	22	https://lasclay.com/products/asclepias-04-print-8x10	2	2	Imprimés;Produits connexes;Pour la maison;BFCM;Boxing week 2023	2021-02-18	2026-07-30
6149345542306	Asclépiade 05 - Illustration 8x10	asclepias-05-print-8x10	ACTIVE	Affiche	art-print;home;no-returns;Product-Collection-All;wall-art	20	https://lasclay.com/products/asclepias-05-print-8x10	2	2	Imprimés;Produits connexes;Pour la maison;BFCM;Boxing week 2023	2021-02-18	2026-07-30
8682252697819	Bague Aile de monarque - Vente finale	bague-aile-monarque	ACTIVE			1	https://lasclay.com/products/bague-aile-monarque	9	4	Produits;Été + Tous les jours;Collaborations;Produits (no garden)	2024-09-06	2026-08-19
7826240635099	Bandeau	headband	ACTIVE		Product-Collection-All;Winter	-13	https://lasclay.com/products/headband	2	6	Produits;Vente fin de saison: Hiver;All Products;Pour l'hiver;BFCM;Boxing week 2023;Produits d'asclépiade du printemps;Tuques et bandeaux;Bandeaux;Produits (no garden)	2022-09-11	2026-08-19
9005728399579	Bandeau d'asclépiade torsadé extra-doux	bandeau-copy	ACTIVE		Product-Collection-All;Winter	189	https://lasclay.com/products/bandeau-copy	5	9	Produits;Vente fin de saison: Hiver;All Products;Pour l'hiver;BFCM;Boxing week 2023;Produits d'asclépiade du printemps;Tuques et bandeaux;Bandeaux;Produits (no garden)	2025-10-08	2026-08-25
9009100849371	Bandeau torsadé et foulard - Précommande novembre 2025	bandeau-torsade-et-foulard	DRAFT			945		25	6	Bandeaux	2025-10-10	2026-08-25
8785371824347	Bandeau torsadé IMPARFAIT	bandeau-torsade-imparfait	DRAFT		Product-Collection-All	0		1	4	Vente fin de saison: Hiver;All Products;Produits d'asclépiade du printemps;Tuques et bandeaux;Les Imparfaits;Produits (no garden)	2025-01-19	2026-07-18
8517637570779	Besace isotherme en asclépiade	besace	ACTIVE		Product-Collection-All;Summer	23	https://lasclay.com/products/besace	6	9	Produits;All Products;Pour l'été;BFCM;Été + Tous les jours;Sacs isothermes, glacières & produits estivaux;Produits (no garden)	2024-05-21	2026-08-19
9137166713051	Besace isotherme en asclépiade IMPARFAIT	besace-isotherme-en-asclepiade-imparfait	DRAFT		Product-Collection-All;Summer	0		6	9	All Products;Pour l'été;BFCM;Les Imparfaits;Produits (no garden)	2026-02-05	2026-08-18
8019116589275	Bombes semencières -  Fleurs indigènes	flower-seed-bombs	UNLISTED		garden;no-returns;Product-Collection-All	130	https://lasclay.com/products/flower-seed-bombs	30	12	All Products;Pour le jardin;Semences d’asclépiade stratifiées à froid  - prêtes à semer	2023-04-27	2026-08-19
8015996354779	Bombes semencières - Asclépiade	milkweed-seed-bombs	ACTIVE		garden;no-returns;Product-Collection-All	550	https://lasclay.com/products/milkweed-seed-bombs	33	16	Produits;All Products;Pour le jardin;Semences d’asclépiade stratifiées à froid  - prêtes à semer;Matières	2023-04-24	2026-08-24
8676961812699	Boucles d'oreilles Asclepias (précommande)	boucles-oreilles-asclepias	ACTIVE			-2	https://lasclay.com/products/boucles-oreilles-asclepias	4	9	Produits;Été + Tous les jours;Sacs isothermes, glacières & produits estivaux;Collaborations;Produits (no garden)	2024-08-31	2026-08-06
7826253447387	Cache-cou d'asclépiade	neckwarmer	ACTIVE		Product-Collection-All;Winter	241	https://lasclay.com/products/neckwarmer	5	12	Produits;Vente fin de saison: Hiver;All Products;Pour l'hiver;BFCM;Boxing week 2023;Pour le cou;Produits d'asclépiade du printemps;Produits (no garden)	2022-09-11	2026-08-19
9030231195867	Cache-cou d'asclépiade  - ancienne version non-ajustable	cache-cou-dasclepiade-imparfait	ACTIVE		Product-Collection-All;Winter	131	https://lasclay.com/products/cache-cou-dasclepiade-imparfait	1	5	Produits;All Products;Pour l'hiver;BFCM;Boxing week 2023;Les Imparfaits;Produits (no garden)	2025-11-07	2026-08-19
9137058185435	Cache-cou d'asclépiade IMPARFAIT	cache-cou-dasclepiade-imparfait-1	ACTIVE		Product-Collection-All;Winter	25	https://lasclay.com/products/cache-cou-dasclepiade-imparfait-1	4	11	All Products;Pour l'hiver;BFCM;Boxing week 2023;Les Imparfaits;Produits (no garden)	2026-02-05	2026-07-18
8084903919835	Carte cadeau virtuelle	giftcard	ACTIVE		no-returns	0	https://lasclay.com/products/giftcard	7	1	Autres	2023-09-07	2026-07-29
7657957818587	Carte-cadeau	carte-cadeau	ARCHIVED			0		1	1		2022-05-06	2026-06-27
9357150388443	Chandail polaire isolé à l'asclépiade - type "pull"	chandail-polaire-asclepiade-polar	ACTIVE		Winter	-113	https://lasclay.com/products/chandail-polaire-asclepiade-polar	5	5	Produits;Pour l'hiver;BFCM;Boxing week 2023;Manteaux et vestes d'asclépiade;Produits (no garden)	2026-05-23	2026-08-21
8636689219803	Combo automnal: Bandeau + cache-cou	automne-bandeau-cache-cou-asclepiade	DRAFT			-13		2	3	Combos promotionnels	2024-07-18	2026-08-03
9009152393435	Combo bandeau & cache-cou - Précommande novembre 2025	bandeau-torsade-et-cache-cou	DRAFT			945		25	5	Bandeaux	2025-10-10	2026-08-25
8636700360923	Combo BBQ: Manchons à boisson + mitaines de four	combo-barbecue-manchons-boisson-mitaines-four	DRAFT			0		3	2	Combos promotionnels	2024-07-18	2026-08-02
8636694593755	Combo Boissons froides: Besace + manchons	boissons-besace-manchons-asclepiade	DRAFT			69		18	6	Combos promotionnels	2024-07-18	2026-08-09
8593596350683	Combo manchons + coussin isotherme	combo-manchons-coussin-isotherme	DRAFT		Summer	-71		3	2	Pour l'été;BFCM;Combos promotionnels	2024-06-21	2026-08-12
8636691579099	Combo Sac lunch + Ensemble de cuisine	combo-sac-lunch-ensemble-cuisine-asclepiade	DRAFT			-5		6	4	Combos promotionnels	2024-07-18	2026-08-23
8636692398299	Combo Sacs à dos et lunch	combo-sac-dos-lunch-glaciere-asclepiade	DRAFT			34		6	7	Combos promotionnels	2024-07-18	2026-08-23
8582063587547	Combo soin du visage: nettoyant & hydratant	combo-soin-visage-huile-asclepiade	ACTIVE			-30	https://lasclay.com/products/combo-soin-visage-huile-asclepiade	1	2	Été + Tous les jours;Soins du visage - Huile d'asclépiade;Combos promotionnels	2024-06-15	2026-08-05
8593529798875	Coussin d'assise thermal pliable	coussin-assise-thermal-pliable	ACTIVE		Summer	-57	https://lasclay.com/products/coussin-assise-thermal-pliable	1	6	Produits;Pour l'été;BFCM;Été + Tous les jours;Sacs isothermes, glacières & produits estivaux;Produits (no garden)	2024-06-21	2026-08-19
8785370382555	Coussin d'assise thermal pliable - IMPARFAIT	coussin-dassise-thermal-pliable-imparfait	ACTIVE		Summer	0	https://lasclay.com/products/coussin-dassise-thermal-pliable-imparfait	1	5	Produits;Pour l'été;BFCM;Les Imparfaits;Produits (no garden)	2025-01-19	2026-08-19
8981714075867	Coussin écoresponsable pour animaux	coussin-ecoresponsable-animaux	ACTIVE			16	https://lasclay.com/products/coussin-ecoresponsable-animaux	9	10	Produits;Pour tous les jours;Été + Tous les jours;Produits (no garden)	2025-09-05	2026-08-19
8925574529243	Couverture imprimée Asclépiade & Monarques	couverture-imprimee-asclepiade-monarques	ACTIVE			15	https://lasclay.com/products/couverture-imprimee-asclepiade-monarques	9	3	Produits;Sacs isothermes, glacières & produits estivaux;Collaborations;Produits (no garden)	2025-06-20	2026-08-19
9137203282139	Couverture imprimée Asclépiade & Monarques – Modèle discontinué	couverture-imprimee-asclepiade-monarques-modele-discontinue	DRAFT			-4		1	1	Produits;Les Imparfaits;Produits (no garden)	2026-02-05	2026-07-18
9293249216731	Crème contour des yeux à l'huile d'asclépiade - Collaboration Gourmet Sauvage × Lasclay	creme-contour-yeux-huile-asclepiade	ACTIVE			-26	https://lasclay.com/products/creme-contour-yeux-huile-asclepiade	1	5	Produits;Collaborations;Produits (no garden)	2026-04-17	2026-08-22
8582056542427	Crème hydratante d'asclépiade Monarch Botanika	hydratant-visage-huile-asclepiade	ACTIVE			-30	https://lasclay.com/products/hydratant-visage-huile-asclepiade	1	3	Produits;Été + Tous les jours;Soins du visage - Huile d'asclépiade;Collaborations;Produits (no garden)	2024-06-15	2026-08-19
5958030524578	Crochet à mitaines	crochet-a-mitaines	ARCHIVED	Accessoires		0		1	5	Accessoires	2020-12-03	2026-06-27
6704482943138	Échange - erreur	echange-erreur	ACTIVE		no_show	0	https://lasclay.com/products/echange-erreur	1	1		2021-04-22	2026-07-18
6554447020194	Échange - Grandeur	echange-grandeur	ACTIVE		no_show	0	https://lasclay.com/products/echange-grandeur	5	1		2021-03-03	2026-07-18
8753515135195	Échange - Grandeur (tuque sport)	echange-grandeur-tuque-sport	ACTIVE		no_show	0	https://lasclay.com/products/echange-grandeur-tuque-sport	2	1		2024-12-04	2026-07-18
8261495881947	Ensemble de cuisine	oven-mitts-pot-holder-place-mat	DRAFT		home;Product-Collection-All	0		1	7	All Products;Pour la maison;BFCM;Boxing week 2023;Pour la cuisine;Été + Tous les jours;Combos promotionnels	2024-02-13	2026-07-30
9030322946267	Étui pour Tablette isolé à l'asclépiade - Discontinué	etui-pour-tablette-isole-a-lasclepiade-imparfait	DRAFT			0		1	2	Produits;Les Imparfaits;Produits (no garden)	2025-11-07	2026-07-18
8662701998299	Étui pour Tablette isolé à l'asclépiade IMPARFAIT	etui-appareils-electroniques-asclepiade-2	DRAFT			21		1	2	Les Imparfaits;Produits (no garden)	2024-08-16	2026-07-18
8966359089371	Étui pour téléphone isolé à l'asclépiade	etui-telephone-asclepiade	ACTIVE		Winter	383	https://lasclay.com/products/etui-telephone-asclepiade	4	6	Produits;Pour l'hiver;BFCM;Boxing week 2023;Produits (no garden)	2025-08-14	2026-08-20
7808524648667	Foulard	scarf	ACTIVE		Product-Collection-All;Winter	39	https://lasclay.com/products/scarf	5	7	Produits;Vente fin de saison: Hiver;All Products;Pour l'hiver;BFCM;Boxing week 2023;Pour le cou;Produits d'asclépiade du printemps;Produits (no garden)	2022-08-28	2026-08-19
9403321450715	Foulard - Ancienne version	foulard-copie	DRAFT		imparfait	152		5	8	Vente fin de saison: Hiver;Pour le cou;Les Imparfaits	2026-07-16	2026-07-30
7069872652450	Foulard (Pré-vente Décembre 2021)	foulard-scarf-preorder-2021	ARCHIVED			0		1	4		2021-09-05	2026-06-27
7160218845346	Foulard (Pré-vente Janvier 2022)	foulard-pre-vente-janvier-2021	ARCHIVED			0		1	4		2021-10-09	2026-06-27
7528965177563	Foulard (Vente de fin de saison 2022)	foulard-vente-de-fin-de-saison-2022	ARCHIVED			0		1	4	Produits;Vente fin de saison: Hiver;Produits (no garden)	2022-02-06	2026-06-27
9136861151451	Foulard IMPARFAIT	foulard-imparfait	DRAFT		Product-Collection-All;Winter	0		5	7	All Products;Pour l'hiver;BFCM;Boxing week 2023;Les Imparfaits;Produits (no garden)	2026-02-05	2026-07-30
9357146980571	Gants magiques doublés en asclépiade	gants-magiques-asclepiade	ACTIVE	Mittens	Product-Collection-All;Winter	-355	https://lasclay.com/products/gants-magiques-asclepiade	2	5	Home page;Mitaines d'asclépiade;Produits;All Products;Pour l'hiver;BFCM;Boxing week 2023;Mitaines;Produits (no garden)	2026-05-23	2026-08-22
8149702934747	Gift card	rise-ai-giftcard	DRAFT			0		2	1		2023-11-11	2026-07-19
7680691732699	Glacière à boissons imprimée 3D - isolée à l'asclépiade	glaciere-boissons-beer-cooler	ARCHIVED			0		2	9	Produits;Produits (no garden)	2022-05-13	2026-06-27
6920492417186	glaciere anglais dummy	glaciere-anglais-dummy	ARCHIVED			0		1	2		2021-07-11	2026-06-27
5872786833570	Graines d'asclépiade	milkweed-seeds	ACTIVE	Semences	garden;graines;no-returns;Product-Collection-All	1327	https://lasclay.com/products/milkweed-seeds	33	14	Produits;Produits connexes;All Products;Pour le jardin;Matières	2020-10-29	2026-08-25
7515839070427	Graines d'asclépiade en vrac	graines-dasclepiade-en-vrac	DRAFT		no-returns;no_show	0		1	2		2022-01-27	2026-07-18
7609297862875	Graines d'asclépiade en vrac (0-100)	graines-dasclepiade-en-vrac-0-100	DRAFT		no-returns;no_show	0		1	2		2022-04-12	2026-07-18
8985566871771	Huile d'asclépiade pure en flacon - hydratante pour la peau	huile-asclepiade	ACTIVE			5	https://lasclay.com/products/huile-asclepiade	1	3	Produits;Matières;Produits (no garden)	2025-09-10	2026-08-19
8985569558747	Isolant d'asclépiade au mètre ou demi-mètre	isolant-asclepiade-vegan-naturel	ACTIVE			33	https://lasclay.com/products/isolant-asclepiade-vegan-naturel	2	8	Produits;Matières;Produits (no garden)	2025-09-10	2026-08-19
8580696375515	Kit de mise à niveau bandoulière - Sac à lunch	kit-mise-niveau-bandouliere-sac-lunch	ACTIVE			-14	https://lasclay.com/products/kit-mise-niveau-bandouliere-sac-lunch	1	3		2024-06-14	2026-07-18
5829377097890	langify_image_container	langify_image_container	ACTIVE	langify_image_container	no_show	0		1	3		2020-10-14	2026-07-28
8636698788059	Le Pied-Main-Bouche: Mitaines+foulard+semelles	le-pied-main-bouche-mitaines-foulard-semelles	DRAFT			-385		45	1	Combos promotionnels	2024-07-18	2026-08-25
8592932274395	Manchon isotherme pour boissons	manchon-isotherme-canettes-bouteilles	ACTIVE		Summer	654	https://lasclay.com/products/manchon-isotherme-canettes-bouteilles	12	13	Produits;Pour l'été;BFCM;Pour la cuisine;Été + Tous les jours;Sacs isothermes, glacières & produits estivaux;Produits (no garden);Manchons isothermes à boissons	2024-06-21	2026-08-20
9030267699419	Manchon isotherme pour boissons IMPARFAIT	manchon-isotherme-pour-boissons-imparfait	ACTIVE		Summer	0	https://lasclay.com/products/manchon-isotherme-pour-boissons-imparfait	2	7	Pour l'été;BFCM;Les Imparfaits;Produits (no garden)	2025-11-07	2026-07-18
8966326943963	Manchon isotherme pour canettes minces	manchon-isolant-canettes-slim	ACTIVE		Summer	149	https://lasclay.com/products/manchon-isolant-canettes-slim	5	6	Produits;Pour l'été;BFCM;Pour la cuisine;Été + Tous les jours;Sacs isothermes, glacières & produits estivaux;Produits (no garden);Manchons isothermes à boissons	2025-08-14	2026-08-23
9357140721883	Manteau hivernal isolé à l'asclépiade	manteau-hiver-asclepiade-quebecoise	ACTIVE		Winter	-20	https://lasclay.com/products/manteau-hiver-asclepiade-quebecoise	11	5	Produits;Pour l'hiver;BFCM;Boxing week 2023;Manteaux et vestes d'asclépiade;Produits (no garden)	2026-05-23	2026-08-24
8902557401307	Manteau isolé à l'asclépiade	manteau-asclepiade	ACTIVE		Winter	13	https://lasclay.com/products/manteau-asclepiade	11	13	Produits;Pour l'hiver;BFCM;Boxing week 2023;Manteaux et vestes d'asclépiade;Produits (no garden)	2025-05-28	2026-08-22
7510722248923	Mise à niveau mitaines	mise-a-niveau-mitaines	ACTIVE		no_show	0	https://lasclay.com/products/mise-a-niveau-mitaines	5	1		2022-01-21	2026-07-18
7153498947746	Mitaine seule	mitaine-seule	ACTIVE		no_show	-3	https://lasclay.com/products/mitaine-seule	10	1		2021-10-06	2026-07-18
6886804291746	Mitaines (Pré-vente Décembre 2021)	mittens-mitaines-preorder-2021	ARCHIVED	Mittens		0		4	6	Home page;Mitaines d'asclépiade	2021-06-28	2026-06-27
7160216191138	Mitaines (Pré-vente Janvier 2022)	mittens-preorder-2022	ARCHIVED	Mittens		0		4	6	Home page;Mitaines d'asclépiade	2021-10-09	2026-06-27
5957673484450	Mitaines (Pré-vente janvier/février 2021)	mitaines-prevente-janvier-fevrier-2021	ARCHIVED	Mittens		0		4	5	Home page;Mitaines d'asclépiade	2020-12-02	2026-06-27
5778964021410	Mitaines (Vente avant Noël)	mitaines-prevente-noel-2020	ARCHIVED	Mittens		0		4	4	Home page;Mitaines d'asclépiade	2020-09-29	2026-06-27
7528937947355	Mitaines (Vente fin de saison 2022)	mitts-sale-2022	ARCHIVED	Mittens		0		4	6	Home page;Mitaines d'asclépiade;Vente fin de saison: Hiver	2022-02-06	2026-06-27
6696364933282	Mitaines (Vente fin de saison Hiver 2021)	mitaines-vente-fin-de-saison-2021	ARCHIVED	Mittens		0		4	5	Home page;Mitaines d'asclépiade	2021-04-19	2026-06-27
9359159754971	Mitaines d'hiver en laine et asclépiade (100% naturelles)	mitaines-hiver-laine-asclepiade-naturelles	ACTIVE	Mittens	Product-Collection-All;Winter	-16	https://lasclay.com/products/mitaines-hiver-laine-asclepiade-naturelles	5	3	Home page;Mitaines d'asclépiade;Produits;Vente fin de saison: Hiver;All Products;Pour l'hiver;BFCM;Boxing week 2023;Mitaines;Produits (no garden)	2026-05-26	2026-08-22
8249896861915	Mitaines de cuisine en asclépiade	milkweed-oven-mitts	DRAFT		home;Product-Collection-All	0		1	5	Produits;All Products;Pour la maison;BFCM;Boxing week 2023;Pour la cuisine;Été + Tous les jours;Sacs isothermes, glacières & produits estivaux;Produits (no garden)	2024-01-31	2026-07-30
9357149536475	Mitaines hivernales en asclépiade, laine et cuir de mouton (100% naturelles)	mitaines-hiver-asclepiade-laine-cuir-naturel	ACTIVE	Mittens	Product-Collection-All;Winter	-77	https://lasclay.com/products/mitaines-hiver-asclepiade-laine-cuir-naturel	5	5	Home page;Mitaines d'asclépiade;Produits;Vente fin de saison: Hiver;All Products;Pour l'hiver;BFCM;Boxing week 2023;Mitaines;Produits (no garden)	2026-05-23	2026-08-11
7808527401179	Mitaines plein air isolées à l'asclépiade	mittens	ACTIVE	Mittens	Product-Collection-All;Winter	987	https://lasclay.com/products/mittens	5	8	Home page;Mitaines d'asclépiade;Produits;Vente fin de saison: Hiver;All Products;Pour l'hiver;BFCM;Boxing week 2023;Mitaines;Produits (no garden)	2022-08-28	2026-08-25
8966386385115	Mitaines pour bébé en asclépiade et laine	mitaines-bebe-asclepiade	ACTIVE	Mittens	Product-Collection-All;Winter	-6	https://lasclay.com/products/mitaines-bebe-asclepiade	1	4	Home page;Mitaines d'asclépiade;Produits;Vente fin de saison: Hiver;All Products;Pour l'hiver;BFCM;Boxing week 2023;Collaborations;Mitaines;Produits (no garden)	2025-08-14	2026-08-19
8966385696987	Mitaines urbaines isolées en asclépiade	mitaines-ville-asclepiade	ACTIVE	Mittens	Product-Collection-All;Winter	117	https://lasclay.com/products/mitaines-ville-asclepiade	20	4	Home page;Mitaines d'asclépiade;Produits;All Products;Pour l'hiver;BFCM;Boxing week 2023;Mitaines;Produits (no garden)	2025-08-14	2026-08-19
9403451539675	Mitaines urbaines isolées en asclépiade - Ancienne version	mitaines-urbaines-isolees-en-asclepiade-ancienne-version	DRAFT	Mittens	Product-Collection-All;Winter	291		25	10	Mitaines d'asclépiade;All Products;Pour l'hiver;BFCM;Boxing week 2023;Les Imparfaits	2026-07-16	2026-07-22
8581990777051	Nettoyant visage d'huile d'asclépiade - par Monarch Botanika	nettoyant-visage-huile-asclepiade	ACTIVE			-17	https://lasclay.com/products/nettoyant-visage-huile-asclepiade	1	3	Produits;Été + Tous les jours;Soins du visage - Huile d'asclépiade;Collaborations;Produits (no garden)	2024-06-15	2026-08-19
9357145538779	Oreiller d'asclépiade hypoallergène	oreiller-asclepiade-hypoallergene	ACTIVE		home;Product-Collection-All	-97	https://lasclay.com/products/oreiller-asclepiade-hypoallergene	2	4	Produits;All Products;Pour la maison;BFCM;Boxing week 2023;Pour la cuisine;Été + Tous les jours;Sacs isothermes, glacières & produits estivaux;Produits (no garden)	2026-05-23	2026-08-22
9357143736539	Oreiller de camping rembourré à la soie d'asclépiade	oreiller-camping-asclepiade-quebecois	ACTIVE		Summer	-36	https://lasclay.com/products/oreiller-camping-asclepiade-quebecois	1	3	Produits;Pour l'été;BFCM;Été + Tous les jours;Sacs isothermes, glacières & produits estivaux;Produits (no garden)	2026-05-23	2026-08-19
8682264002779	Pantoufles d'asclépiade IMPARFAIT	pantoufles-dasclepiade	ACTIVE		imparfait;Winter	-6	https://lasclay.com/products/pantoufles-dasclepiade	1	2	Produits;Pour l'hiver;BFCM;Boxing week 2023;Les Imparfaits;Produits (no garden)	2024-09-06	2026-08-19
7556236116187	Papillon monarque - Illustration 10x8	danaus-01-print-10x8	ACTIVE	Affiche	art-print;home;no-returns;Product-Collection-All;wall-art	59	https://lasclay.com/products/danaus-01-print-10x8	2	2	Imprimés;Produits connexes;Pour la maison;BFCM;Boxing week 2023	2022-03-01	2026-07-18
8682247749851	Pendentif Aile de monarque	pendentif-aile-de-monarque	ACTIVE			0	https://lasclay.com/products/pendentif-aile-de-monarque	2	4	Produits;Été + Tous les jours;Collaborations;Produits (no garden)	2024-09-06	2026-07-18
8682243129563	Pendentif Asclepias	pendentif-asclepias	ACTIVE			4	https://lasclay.com/products/pendentif-asclepias	4	3	Produits;Été + Tous les jours;Collaborations;Produits (no garden)	2024-09-06	2026-07-18
5958075875490	Pince à mitaines	pince-a-mitaines	ARCHIVED	Accessoires		0		1	4	Accessoires	2020-12-03	2026-06-27
7102616469666	Pince à mitaines (Extra)	pince-a-mitaines-1	ACTIVE	Accessoires	Product-Collection-All	629	https://lasclay.com/products/pince-a-mitaines-1	1	2	Accessoires;Autres	2021-09-19	2026-07-18
8836011655387	Plantules d'asclépiade	plant-asclepiade	DRAFT		garden;no-returns;Product-Collection-All	-60		12	8	All Products;Pour le jardin	2025-03-22	2026-07-18
8261528420571	Poignées de four	milkweed-pot-holders	DRAFT		home;Product-Collection-All	0		1	3	Produits;All Products;Pour la maison;BFCM;Boxing week 2023;Pour la cuisine;Été + Tous les jours;Produits (no garden)	2024-02-13	2026-07-30
9023211143387	Porte-clé en bois Asclépiade et Monarque - gravé au laser	porte-cle-bois-asclepiade-monarque	ACTIVE			13	https://lasclay.com/products/porte-cle-bois-asclepiade-monarque	2	5	Produits;Pour tous les jours;Été + Tous les jours;Collaborations;Produits (no garden)	2025-10-30	2026-07-18
8662770614491	Sac à bouteille de vin isolé à l'asclépiade	sac-bouteille-vin	ACTIVE		Product-Collection-All;Summer	98	https://lasclay.com/products/sac-bouteille-vin	6	14	Produits;All Products;Pour l'été;BFCM;Pour la cuisine;Été + Tous les jours;Sacs isothermes, glacières & produits estivaux;Produits (no garden)	2024-08-16	2026-08-19
6918126731426	Sac à dos glacière 30L	milkweed-cooler-backpack-30l	ACTIVE		Product-Collection-All;Summer	-6	https://lasclay.com/products/milkweed-cooler-backpack-30l	2	12	Produits;All Products;Pour l'été;BFCM;Été + Tous les jours;Sacs isothermes, glacières & produits estivaux;Produits (no garden)	2021-07-10	2026-08-19
8785365565659	Sac à dos glacière 30L - IMPARFAIT Remis à neuf	sac-a-dos-glaciere-30l-imparfait	ACTIVE		Product-Collection-All;Summer	0	https://lasclay.com/products/sac-a-dos-glaciere-30l-imparfait	2	4	Produits;All Products;Pour l'été;BFCM;Les Imparfaits;Produits (no garden)	2025-01-19	2026-08-19
8059832336603	Sac à lunch	lunchbag	ACTIVE		Everyday;Product-Collection-All	34	https://lasclay.com/products/lunchbag	6	31	Produits;All Products;Pour tous les jours;BFCM;Boxing week 2023;Été + Tous les jours;Sacs isothermes, glacières & produits estivaux;Produits (no garden)	2023-07-20	2026-08-23
8785386406107	Sac à lunch IMPARFAIT	sac-a-lunch-imparfait	ACTIVE		Everyday;Product-Collection-All	0	https://lasclay.com/products/sac-a-lunch-imparfait	1	8	All Products;Pour tous les jours;BFCM;Boxing week 2023;Les Imparfaits;Produits (no garden)	2025-01-19	2026-07-18
9357143605467	Sac de couchage / couverture de plein air d'asclépiade	sac-couchage-isole-fibre-asclepiade-canadien	ACTIVE		Summer	-44	https://lasclay.com/products/sac-couchage-isole-fibre-asclepiade-canadien	2	2	Produits;Pour l'été;BFCM;Été + Tous les jours;Sacs isothermes, glacières & produits estivaux;Produits (no garden)	2026-05-23	2026-08-19
8036827857115	Sac isotherme type «Tote bag»	insulated-tote-bag	ACTIVE		Product-Collection-All;Summer	18	https://lasclay.com/products/insulated-tote-bag	6	20	Produits;All Products;Pour l'été;BFCM;Été + Tous les jours;Sacs isothermes, glacières & produits estivaux;Produits (no garden)	2023-05-26	2026-08-19
9030320980187	Sac isotherme type «Tote bag» IMPARFAIT	sac-isotherme-type-tote-bag-imparfait	DRAFT		Product-Collection-All;Summer	-2		2	5	Produits;All Products;Pour l'été;BFCM;Été + Tous les jours;Sacs isothermes, glacières & produits estivaux;Produits (no garden)	2025-11-07	2026-08-18
8761313165531	Sans titre 17déc._12:03	sans-titre-17dec-_12-03	DRAFT			0		1	0		2024-12-17	2026-07-18
8900276846811	Sans titre 24mai_18:33	sans-titre-24mai_18-33	DRAFT			0		1	0		2025-05-24	2026-07-18
9394944803035	Savon hydratant à la glycérine et huile d'asclépiade	savon	DRAFT			12		1	2	Produits;Matières;Produits (no garden)	2026-07-06	2026-07-30
9005854195931	Semelles intérieures	semelles-interieures-isolantes-copy	DRAFT		Winter	0		9	4	Vente fin de saison: Hiver;Pour l'hiver;BFCM;Boxing week 2023	2025-10-08	2026-07-18
8081100538075	Semelles intérieures isolantes en asclépiade	thermal-insoles	ACTIVE		Winter	-86	https://lasclay.com/products/thermal-insoles	12	7	Produits;Vente fin de saison: Hiver;Pour l'hiver;BFCM;Boxing week 2023;Produits (no garden)	2023-08-31	2026-08-19
9030274646235	Semelles intérieures isolantes en asclépiade - ancienne version	semelles-interieures-isolantes-en-asclepiade-imparfait	ACTIVE		Winter	26	https://lasclay.com/products/semelles-interieures-isolantes-en-asclepiade-imparfait	9	5	Produits;Pour l'hiver;BFCM;Boxing week 2023;Les Imparfaits;Produits (no garden)	2025-11-07	2026-08-24
9177307381979	Semences d’asclépiade stratifiées à froid  - prêtes à semer	graines-semences-asclepiade-stratifiees-froid	ACTIVE		garden;graines;no-returns;Product-Collection-All	2816	https://lasclay.com/products/graines-semences-asclepiade-stratifiees-froid	27	12	Produits;Produits connexes;All Products;Pour le jardin;Semences d’asclépiade stratifiées à froid  - prêtes à semer;Matières;Milkweed & Wild flowers seed bombs	2026-03-04	2026-08-20
9183346229467	Service de plantation d'asclépiade - Biodiversité & revenus agricoles	service-plantation-asclepiade-papillons-monarques	ACTIVE			94	https://lasclay.com/products/service-plantation-asclepiade-papillons-monarques	4	12		2026-03-12	2026-07-18
8784148201691	Soie d'asclépiade pure en vrac	isolant-asclepiade-soie-amerique	ACTIVE			765	https://lasclay.com/products/isolant-asclepiade-soie-amerique	3	7	Produits;Matières;Produits (no garden)	2025-01-17	2026-08-17
8249897877723	Sous-plat	milkweed-large-trivet	DRAFT		home;Product-Collection-All	0		1	3	Produits;All Products;Pour la maison;BFCM;Boxing week 2023;Pour la cuisine;Été + Tous les jours;Produits (no garden)	2024-01-31	2026-07-30
9023272059099	Sous-verres en bois Asclépiade et Monarque - gravés au laser	sous-verre-bois-cadeau-asclepiade-monarque	ACTIVE			17	https://lasclay.com/products/sous-verre-bois-cadeau-asclepiade-monarque	3	5	Produits;Pour tous les jours;Été + Tous les jours;Collaborations;Produits (no garden)	2025-10-30	2026-07-18
8682294280411	Tuque de ville isolée à l'asclépiade	tuque-ville-asclepiade	ACTIVE		Product-Collection-All;Winter	94	https://lasclay.com/products/tuque-ville-asclepiade	3	4	Produits;Vente fin de saison: Hiver;All Products;Pour l'hiver;BFCM;Boxing week 2023;Pour le cou;Produits d'asclépiade du printemps;Tuques et bandeaux;Produits (no garden)	2024-09-06	2026-08-19
8682305913051	Tuque sport en asclépiade	tuque-sport-asclepiade	ACTIVE		Product-Collection-All;Winter	195	https://lasclay.com/products/tuque-sport-asclepiade	2	6	Produits;Vente fin de saison: Hiver;All Products;Pour l'hiver;BFCM;Boxing week 2023;Pour le cou;Produits d'asclépiade du printemps;Tuques et bandeaux;Produits (no garden)	2024-09-06	2026-08-19
8902817874139	Veste sans manche isolée à l'asclépiade	veste-sans-manche-asclepiade	ACTIVE		Winter	-4	https://lasclay.com/products/veste-sans-manche-asclepiade	11	11	Produits;Pour l'hiver;BFCM;Boxing week 2023;Manteaux et vestes d'asclépiade;Produits (no garden)	2025-05-28	2026-08-24
