id,name,image_url
22992547,"Lasclay-logo-full",https://d3k81ch9hvuctc.cloudfront.net/company/RhpPJR/images/ac38329c-cf4b-42a4-9a64-5a72273c6adc.png
22992650,"Lasclay-logo-full.1",https://d3k81ch9hvuctc.cloudfront.net/company/RhpPJR/images/ae8a8189-8736-482e-8ad8-e0ba4c373b9f.png
22992664,"Lasclay-logo-full.1.1",https://d3k81ch9hvuctc.cloudfront.net/company/RhpPJR/images/0af5e763-10ff-4510-b64d-747a34f4c641.png
34740513,"Lasclay-Web-Illustration-2",https://d3k81ch9hvuctc.cloudfront.net/company/RhpPJR/images/c9cb57fe-8568-4409-9bf0-17fc4bb80897.png
38897949,"_MG_9971-email",https://d3k81ch9hvuctc.cloudfront.net/company/RhpPJR/images/f6f42aec-1663-4437-a7cf-ef2252e1e5cb.jpeg
51482769,"Lasclay-Scarf-Care",https://d3k81ch9hvuctc.cloudfront.net/company/RhpPJR/images/204096ad-3d8f-4805-98eb-361127aefd4d.jpeg
59248184,"2022-03-20 (EMAIL) (FR) LAS",https://d3k81ch9hvuctc.cloudfront.net/company/RhpPJR/images/0a773f4e-8674-4584-8857-1d09fea1ca08.jpeg
59248347,"2022-03-20 (EMAIL) (FR) LAS Graph",https://d3k81ch9hvuctc.cloudfront.net/company/RhpPJR/images/153a970c-680e-4e5c-8f18-03c1f9f0f3ba.jpeg
59248962,"2022-03-20 (EMAIL) (FR) LAS Graph2",https://d3k81ch9hvuctc.cloudfront.net/company/RhpPJR/images/6e6eca12-263b-4e23-ade8-e024d02e313b.jpeg
59254180,"2022-03-20 (EMAIL) (EN) LAS",https://d3k81ch9hvuctc.cloudfront.net/company/RhpPJR/images/21e29017-3a58-4243-b370-f1a9c70b1ee4.jpeg
59254356,"2022-03-20 (EMAIL) (EN) LAS Graph",https://d3k81ch9hvuctc.cloudfront.net/company/RhpPJR/images/553a04d7-ebca-471b-acc7-fe40108e0efc.jpeg
64169728,"DSC_5399 SHPFY",https://d3k81ch9hvuctc.cloudfront.net/company/RhpPJR/images/b31544c0-42a4-4e5e-aaf0-3a8a41bc1a14.jpeg
64169735,"DSC_5397 (SHPFY)",https://d3k81ch9hvuctc.cloudfront.net/company/RhpPJR/images/f05d9326-d135-4d02-84d0-1bad9c07f6b4.jpeg
64169819,"DSC_5397@1x_1-1",https://d3k81ch9hvuctc.cloudfront.net/company/RhpPJR/images/c2799e5d-11f7-4885-953b-f1e93edb100a.jpeg
73518383,"Comparatif 2021-2022",https://d3k81ch9hvuctc.cloudfront.net/company/RhpPJR/images/057cf1e8-3d8a-4bcd-aeb8-32f6fbd8d047.jpeg
73518391,"foulard",https://d3k81ch9hvuctc.cloudfront.net/company/RhpPJR/images/80c372df-3c93-4d0b-b7ac-6a2476eff5c8.jpeg
74055066,"139813708_10220968894026156_4846915626509627168_n",https://d3k81ch9hvuctc.cloudfront.net/company/RhpPJR/images/8598154a-f9f1-4cd0-89d8-4af41b734498.jpeg
74055133,"montage mitaines infolettre",https://d3k81ch9hvuctc.cloudfront.net/company/RhpPJR/images/543fcc2c-72b2-4110-8401-e8ac9db710f5.jpeg
75842163,"gab photo champ",https://d3k81ch9hvuctc.cloudfront.net/company/RhpPJR/images/8e1a8a3b-bc9f-4374-bcf2-76d514feb80f.jpeg
89607446,"Gabriel_MG_0179",https://d3k81ch9hvuctc.cloudfront.net/company/RhpPJR/images/a52460dd-cce3-448b-9adc-5eafb9cd1748.jpeg
89657178,"Capture",https://d3k81ch9hvuctc.cloudfront.net/company/RhpPJR/images/db4f240e-3e42-43ef-9ae0-2063d60db1ed.jpeg
89657213,"Flavie",https://d3k81ch9hvuctc.cloudfront.net/company/RhpPJR/images/09f55715-492b-42f4-bf51-fb23881368ad.jpeg
89657979,"Montage produits monarque",https://d3k81ch9hvuctc.cloudfront.net/company/RhpPJR/images/5df52a9d-2b13-4871-84f6-8ca235ec1207.jpeg
89658228,"(EN) Montage produits monarque_Plan de travail 1 copie",https://d3k81ch9hvuctc.cloudfront.net/company/RhpPJR/images/f490b61e-ede8-4ed6-ba7b-21c6eb58e318.jpeg
94217043,"Photos courriel printanier_Plan de travail 1 copie",https://d3k81ch9hvuctc.cloudfront.net/company/RhpPJR/images/18277d6f-0d1e-4469-ac8b-239cec6fb8db.jpeg
94217111,"Photos courriel printanier_Plan de travail 1",https://d3k81ch9hvuctc.cloudfront.net/company/RhpPJR/images/12e78e58-b9e8-4e38-b1d9-11a3bf2abaf4.jpeg
94217157,"Produits printemps_Plan de travail 1",https://d3k81ch9hvuctc.cloudfront.net/company/RhpPJR/images/1c7a14f1-2441-4de3-82c7-2e6c6dead25a.jpeg
94217175,"Graines printemps_Plan de travail 1 copie",https://d3k81ch9hvuctc.cloudfront.net/company/RhpPJR/images/66a2d40a-d04f-4d38-adf9-1397f7014a1f.jpeg
94217770,"Produits printemps_Plan de travail 1.1",https://d3k81ch9hvuctc.cloudfront.net/company/RhpPJR/images/04c60162-8013-4627-93d9-ce1851304cb7.jpeg
94217774,"Graines printemps_Plan de travail 1 copie.1",https://d3k81ch9hvuctc.cloudfront.net/company/RhpPJR/images/20467cef-cb0b-4b65-8f67-3aeef1edbaba.jpeg
96559725,"graphique monarques industrie",https://d3k81ch9hvuctc.cloudfront.net/company/RhpPJR/images/5e6ca405-543a-406c-b862-3d5e0ccec041.jpeg
98105947,"277097655_498911581949982_9204026997346844081_n",https://d3k81ch9hvuctc.cloudfront.net/company/RhpPJR/images/f6ed368c-45f3-4e3f-a321-bc33f9465248.jpeg
98187603,"338194721_774846690731796_6511815077183392556_n",https://d3k81ch9hvuctc.cloudfront.net/company/RhpPJR/images/3f2a1b79-099c-40d0-85ff-3a705f648bc3.jpeg
98187789,"blob",https://d3k81ch9hvuctc.cloudfront.net/company/RhpPJR/images/dd6adda7-2f13-4027-b51d-78575bbedcec.jpeg
98187884,"blob.1",https://d3k81ch9hvuctc.cloudfront.net/company/RhpPJR/images/20e63625-16e6-494e-a974-28921eec85cc.jpeg
99443488,"Bombe_4 (1)",https://d3k81ch9hvuctc.cloudfront.net/company/RhpPJR/images/47186050-7f96-44f6-a121-8d4efd51b05e.png
99443654,"blob.1",https://d3k81ch9hvuctc.cloudfront.net/company/RhpPJR/images/4b737599-a987-41f5-a21d-e0578ade9b48.png
99447174,"image",https://d3k81ch9hvuctc.cloudfront.net/company/RhpPJR/images/e6684fc1-73dc-4d42-9234-525008f7fb0b.png
99658474,"Bombe_12_1000x1000",https://d3k81ch9hvuctc.cloudfront.net/company/RhpPJR/images/92286cf1-f7cd-4223-8fdd-83b97c1d2cd0.png
100418802,"FR_Asclépiade_Curaçao",https://d3k81ch9hvuctc.cloudfront.net/company/RhpPJR/images/f5fe46f8-2392-4235-a54e-1bf03291c89f.jpeg
100418950,"blob.1",https://d3k81ch9hvuctc.cloudfront.net/company/RhpPJR/images/1bec9237-13e7-4405-b50d-56205e35a0ab.jpeg
100419059,"AN_Buttefly_Milkweed",https://d3k81ch9hvuctc.cloudfront.net/company/RhpPJR/images/c2ccd0d3-fc46-435c-9861-af5b1d299d50.jpeg
100419151,"AN_Tropical_Milkweed",https://d3k81ch9hvuctc.cloudfront.net/company/RhpPJR/images/25100109-f4a2-4aac-b1b0-dc3fa83306cf.jpeg
100419191,"blob.1",https://d3k81ch9hvuctc.cloudfront.net/company/RhpPJR/images/da581eb0-1f39-4c38-9063-2f3169d77782.jpeg
100444222,"Produit_lancement",https://d3k81ch9hvuctc.cloudfront.net/company/RhpPJR/images/4d7bc88e-7cad-40b2-a2d0-f9fa1ce9f267.jpeg
100444444,"Produit_lancement.1",https://d3k81ch9hvuctc.cloudfront.net/company/RhpPJR/images/a0c4a517-064d-4d05-a8da-c676ba4cf108.jpeg
100532278,"Images avec texte informatif_FR_Pollinisateurs copie",https://d3k81ch9hvuctc.cloudfront.net/company/RhpPJR/images/670de352-3bc7-434e-a4f2-58c7c7e2ab45.jpeg
100532363,"courriel_FR_Revégétalisation copie",https://d3k81ch9hvuctc.cloudfront.net/company/RhpPJR/images/ac56d2c0-8aa1-4caa-b25e-8a9f89fed9b2.jpeg
100532634,"courriel curacao_FR_Asclépiade_Curaçao copie",https://d3k81ch9hvuctc.cloudfront.net/company/RhpPJR/images/e9f4d1a0-f511-4b79-a073-4e647e031a1f.jpeg
100532723,"Produit_lancement.1",https://d3k81ch9hvuctc.cloudfront.net/company/RhpPJR/images/8ee148b8-311a-4b63-8e67-f666bc4982c7.jpeg
101329650,"Produit_lancement.1",https://d3k81ch9hvuctc.cloudfront.net/company/RhpPJR/images/7e3c05c7-47ed-4b3c-9b49-5dfc2147faf0.jpeg
101329713,"INFOGRAPHIE TIMELINE GLACIERES_Plan de travail 1",https://d3k81ch9hvuctc.cloudfront.net/company/RhpPJR/images/fab15988-83eb-4a88-ae8e-f7a04a4b8489.jpeg
101329763,"(FR) cogs glaciere",https://d3k81ch9hvuctc.cloudfront.net/company/RhpPJR/images/22d096fc-be4e-4ddb-a038-6f5f7f4d86cf.jpeg
101329865,"INFOGRAPHIE TIMELINE GLACIERES_Plan de travail 1 copie",https://d3k81ch9hvuctc.cloudfront.net/company/RhpPJR/images/12a07c97-0ef2-4081-8291-21f493caa624.jpeg
101330332,"yellow DSC_0279",https://d3k81ch9hvuctc.cloudfront.net/company/RhpPJR/images/846efd6e-745e-4613-95fe-e653f6c2553e.jpeg
101333341,"(EN) INFOGRAPHIE TIMELINE GLACIERES_Plan de travail 1 copie 2",https://d3k81ch9hvuctc.cloudfront.net/company/RhpPJR/images/204bd010-6e0d-4759-886e-afb594050acf.jpeg
101333382,"(EN) cogs glaciere",https://d3k81ch9hvuctc.cloudfront.net/company/RhpPJR/images/27272d5c-55e2-44db-b417-4a4fafc87a26.jpeg
101333415,"(EN) INFOGRAPHIE TIMELINE GLACIERES_Plan de travail 1 copie 3",https://d3k81ch9hvuctc.cloudfront.net/company/RhpPJR/images/9f17912c-e3d1-4b08-9bc0-b06ce5dc6b32.jpeg
104232252,"Guide_bombe (1)",https://d3k81ch9hvuctc.cloudfront.net/company/RhpPJR/images/9a49ddab-d936-40ed-bee2-1b0a2194cfa5.png
104455756,"montages photos_Plan de travail 1 copie 2",https://d3k81ch9hvuctc.cloudfront.net/company/RhpPJR/images/cbdb1805-4be9-4498-82a9-584ca314222c.jpeg
104455765,"montages photos_Plan de travail 1 copie 2.1",https://d3k81ch9hvuctc.cloudfront.net/company/RhpPJR/images/d716f5f4-18c6-4515-8448-35d2916bbc3a.jpeg
104455798,"drink tote_Plan de travail 1 copie",https://d3k81ch9hvuctc.cloudfront.net/company/RhpPJR/images/00edab46-7270-4c18-ad24-b1d9b9d9b03b.jpeg
104455836,"montages photos_glacière",https://d3k81ch9hvuctc.cloudfront.net/company/RhpPJR/images/bc5f3839-04ae-428c-b635-ddc0b8e3e505.jpeg
104455840,"drink tote",https://d3k81ch9hvuctc.cloudfront.net/company/RhpPJR/images/de9a46f7-bd36-48e6-b8a6-0756dc644ae9.jpeg
104463673,"montages photos_glacière.1",https://d3k81ch9hvuctc.cloudfront.net/company/RhpPJR/images/4cae5ad8-bbcd-4da8-96ab-fb5abddff96b.jpeg
104463680,"drink tote.1",https://d3k81ch9hvuctc.cloudfront.net/company/RhpPJR/images/b763c569-fc52-4a3f-b284-9736e56916dc.jpeg
104605277,"Etiquette bombes explication-01",https://d3k81ch9hvuctc.cloudfront.net/company/RhpPJR/images/6827a356-8868-42ea-a50d-bc879c710b77.png
104616151,"planting-guide-seedbombs-mobile-FR",https://d3k81ch9hvuctc.cloudfront.net/company/RhpPJR/images/10544ad3-dc58-4fd4-af4e-970246828562.png
104622522,"planting-guide-seedbombs-mobile-FR (1)",https://d3k81ch9hvuctc.cloudfront.net/company/RhpPJR/images/d1d19bde-8f0d-4d9d-a4ab-b162ff983808.png
104623692,"planting-guide-seedbombs-mobile-EN",https://d3k81ch9hvuctc.cloudfront.net/company/RhpPJR/images/44ce9dff-10d3-4f0a-8218-2a75e27a2b17.png
104623932,"Etiquette bombes explication-02",https://d3k81ch9hvuctc.cloudfront.net/company/RhpPJR/images/23dcfe25-cd85-45ab-ac1d-f4d64790a355.png
106222158,"glaciere montage warm",https://d3k81ch9hvuctc.cloudfront.net/company/RhpPJR/images/53813454-9f71-4c1b-8c9b-d2e6fdd8fe6b.jpeg
111484372,"Lasclay-Lunchbag-4x5-04-2",https://d3k81ch9hvuctc.cloudfront.net/company/RhpPJR/images/182c6b09-87ae-4e95-81e7-2650d09de1cf.jpeg
111484416,"2023-07-Lasclay-Lunch-4x5-360-2_711363eb-c6d5-4374-bbb3-b72f604a258c",https://d3k81ch9hvuctc.cloudfront.net/company/RhpPJR/images/987cdd4c-b7eb-47a7-a27f-eacc2997f9f1.gif
111486009,"montage sac lunch infolettre-01-01",https://d3k81ch9hvuctc.cloudfront.net/company/RhpPJR/images/c3ee5f8d-565c-413c-ab36-96b6d3940e49.jpeg
112462655,"a",https://d3k81ch9hvuctc.cloudfront.net/company/RhpPJR/images/d7dcc30f-5f02-4ba3-8804-a29dd168e5ca.jpeg
113247156,"montage sac lunch jaune courriel",https://d3k81ch9hvuctc.cloudfront.net/company/RhpPJR/images/25d9a15d-097e-4134-9700-21c77ba91f8b.jpeg
113247169,"montage sac lunch jaune courriel.1",https://d3k81ch9hvuctc.cloudfront.net/company/RhpPJR/images/c2113795-4be8-47d3-84ba-c950a6ba246d.jpeg
115573221,"infolettre montage-01",https://d3k81ch9hvuctc.cloudfront.net/company/RhpPJR/images/d9da3368-1401-407f-a991-532c9152680f.jpeg
115573708,"Automated quilting",https://d3k81ch9hvuctc.cloudfront.net/company/RhpPJR/images/f3e905fe-f89e-4282-a2a8-41f1732e98ad.jpeg
115577585,"infolettre montage-02",https://d3k81ch9hvuctc.cloudfront.net/company/RhpPJR/images/03f458bf-9c85-4339-a4f2-c507f54eed62.jpeg
115577760,"Automated quilting.1",https://d3k81ch9hvuctc.cloudfront.net/company/RhpPJR/images/7e6a5a24-c07e-4fca-92ee-88991a0b9dbb.jpeg
119101796,"_MG_4975",https://d3k81ch9hvuctc.cloudfront.net/company/RhpPJR/images/0bb65713-860b-4ce4-af00-f7359a5e90fb.jpeg
119102414,"asclépiade_Plan de travail 1",https://d3k81ch9hvuctc.cloudfront.net/company/RhpPJR/images/4939547d-1a9d-4547-a2b1-412ae1f3ed2b.jpeg
119103676,"bandeau + foulard_Plan de travail 1 copie 2",https://d3k81ch9hvuctc.cloudfront.net/company/RhpPJR/images/edecbe0e-47cd-47a1-82c3-b89d39255b7d.jpeg
119104120,"Sans titre - 1-04",https://d3k81ch9hvuctc.cloudfront.net/company/RhpPJR/images/af92c8f7-0eba-4095-a13e-6a5d8fbf7bc6.jpeg
119104191,"_MG_9770",https://d3k81ch9hvuctc.cloudfront.net/company/RhpPJR/images/3823d29c-e42a-4f03-8644-ac306679bd83.jpeg
124160233,"annexe-carnet-voyage-bic-principale",https://d3k81ch9hvuctc.cloudfront.net/company/RhpPJR/images/b7815377-e8eb-494b-a79d-b15c72ed5285.jpeg
124161202,"montage sepaq",https://d3k81ch9hvuctc.cloudfront.net/company/RhpPJR/images/8033fc58-d794-4b8c-9be2-a7f763340081.jpeg
124161207,"PXL_20231110_191008294",https://d3k81ch9hvuctc.cloudfront.net/company/RhpPJR/images/72b975be-b652-481c-a1fa-2673fd27fb1f.jpeg
124987178,"precommande",https://d3k81ch9hvuctc.cloudfront.net/company/RhpPJR/images/e0ade99a-6eb2-47c1-b0d7-9401f6e8ec48.jpeg
124989422,"preorder",https://d3k81ch9hvuctc.cloudfront.net/company/RhpPJR/images/7b26245c-84ac-4af0-8349-d061492dc88b.jpeg
125526979,"bfcm",https://d3k81ch9hvuctc.cloudfront.net/company/RhpPJR/images/bae15165-5f53-40a0-9610-8593e520138e.jpeg
125527023,"bfcm.1",https://d3k81ch9hvuctc.cloudfront.net/company/RhpPJR/images/a525107e-d2b4-4b40-b5aa-ede12d9f2e13.jpeg
125527814,"bfcm en",https://d3k81ch9hvuctc.cloudfront.net/company/RhpPJR/images/91f74c0c-3cf5-436c-a24b-bad6f48b9b3f.jpeg
127577345,"unnamed (2)",https://d3k81ch9hvuctc.cloudfront.net/company/RhpPJR/images/3494f009-07ec-4936-b471-31b50cecc577.jpeg
129739637,"aaaa",https://d3k81ch9hvuctc.cloudfront.net/company/RhpPJR/images/8d7ad88c-73f0-4c90-abe1-6704f2251345.jpeg
129740145,"joyeuses fetes_Plan de travail 1",https://d3k81ch9hvuctc.cloudfront.net/company/RhpPJR/images/d91f3262-69bd-4fac-a768-b1449ccd1d73.jpeg
129740294,"joyeuses fetes gold_Plan de travail 1",https://d3k81ch9hvuctc.cloudfront.net/company/RhpPJR/images/bd7b5764-2a4a-490b-9ed3-683e5196b744.jpeg
129740373,"joyeuses fetes gold_Plan de travail 1_Plan de travail 1",https://d3k81ch9hvuctc.cloudfront.net/company/RhpPJR/images/40825b3a-695f-410a-8453-44db0eab65a9.jpeg
131561599,"Capture.1",https://d3k81ch9hvuctc.cloudfront.net/company/RhpPJR/images/e4c78d7f-2614-43a6-ac50-05baacca54ae.jpeg
132406074,"cc",https://d3k81ch9hvuctc.cloudfront.net/company/RhpPJR/images/002113ea-2c0b-40a2-a652-81ac8784fd79.jpeg
132406200,"mw montage",https://d3k81ch9hvuctc.cloudfront.net/company/RhpPJR/images/10a0e0ce-7abf-400e-8963-266823c38820.jpeg
132406471,"Gabriel",https://d3k81ch9hvuctc.cloudfront.net/company/RhpPJR/images/855e9941-e594-40a7-b5e4-898bbcfa5ec8.jpeg
132406481,"Lasclay-MediaKit-18",https://d3k81ch9hvuctc.cloudfront.net/company/RhpPJR/images/b5b37c4e-8d52-4893-be4c-924aa4502ea6.jpeg
136898315,"IMG_3814 (1)",https://d3k81ch9hvuctc.cloudfront.net/company/RhpPJR/images/fe83d893-9f6d-4ef0-8cf5-00544e09c5ca.mpo
136898336,"IMG_3814",https://d3k81ch9hvuctc.cloudfront.net/company/RhpPJR/images/65e1f814-b69a-48dd-aea5-91c7086fac47.jpeg
137656035,"monarques population",https://d3k81ch9hvuctc.cloudfront.net/company/RhpPJR/images/dbe3afee-6528-49d8-860b-139a87c5fb02.jpeg
137662470,"image nouvelles especes",https://d3k81ch9hvuctc.cloudfront.net/company/RhpPJR/images/731a03e2-5ace-4a5f-b390-37e22a379ca8.png
137670292,"monarch population",https://d3k81ch9hvuctc.cloudfront.net/company/RhpPJR/images/def5bdba-5a00-4e58-80aa-f201c9a99d8c.jpeg
137670855,"new species-02-02",https://d3k81ch9hvuctc.cloudfront.net/company/RhpPJR/images/b59594ed-0eb3-4360-aa4a-1df06c7cb02c.png
139917688,"Le bon pain do padeiro",https://d3k81ch9hvuctc.cloudfront.net/company/RhpPJR/images/cb81f956-61df-47d2-be66-66179aa2aa48.gif
139917738,"On cuisine la boiscoto",https://d3k81ch9hvuctc.cloudfront.net/company/RhpPJR/images/79bee7ad-7266-4f37-b10e-ad2417e72d71.jpeg
139917875,"KITCOMPLET",https://d3k81ch9hvuctc.cloudfront.net/company/RhpPJR/images/44fc9b48-0d53-40aa-9da1-4e62497b0d6b.png
139917995,"promo mitaines four",https://d3k81ch9hvuctc.cloudfront.net/company/RhpPJR/images/8eba933f-dc03-44e8-bce7-1b689c6d91ba.jpeg
139918002,"promo mitaines four_Plan de travail 1",https://d3k81ch9hvuctc.cloudfront.net/company/RhpPJR/images/42832a4c-2e12-4074-b741-d217cb36149b.jpeg
140863637,"Insectes écosystème asclépiade",https://d3k81ch9hvuctc.cloudfront.net/company/RhpPJR/images/0191aee6-7b22-49d0-a204-a9223dfe35a0.png
142722987,"huile",https://d3k81ch9hvuctc.cloudfront.net/company/RhpPJR/images/459eaed3-4d10-4a46-84b4-c8e0b0795bdb.jpeg
142723019,"235381552_580780479623228_8580609221759740367_n",https://d3k81ch9hvuctc.cloudfront.net/company/RhpPJR/images/879198f2-cc8d-48b7-a407-ea180bf187ab.jpeg
142723043,"lasclay-i0kVMjFDBAw-unsplash",https://d3k81ch9hvuctc.cloudfront.net/company/RhpPJR/images/4299ef22-6db3-43fb-9c0e-c0df13d26739.jpeg
142723193,"cosmetiques",https://d3k81ch9hvuctc.cloudfront.net/company/RhpPJR/images/773b9693-32f3-4070-841a-651d5e9cd86e.jpeg
142723257,"christine",https://d3k81ch9hvuctc.cloudfront.net/company/RhpPJR/images/bb108255-f11e-4458-92ae-4568df2aaf90.jpeg
142723716,"Capture.1",https://d3k81ch9hvuctc.cloudfront.net/company/RhpPJR/images/16abad3c-a5c4-4634-b552-a5b9a11d76b7.jpeg
144685348,"Lasclay_Animation_Bombes_2024",https://d3k81ch9hvuctc.cloudfront.net/company/RhpPJR/images/d5036e62-8334-46f8-8184-9f40a4d409c8.gif
144685471,"infolettre mosaique",https://d3k81ch9hvuctc.cloudfront.net/company/RhpPJR/images/ae60cfac-2dd1-47a4-a6a7-ba3087af715f.jpeg
144685870,"2Lasclay_Animation_Bombes_2024",https://d3k81ch9hvuctc.cloudfront.net/company/RhpPJR/images/d722a9dc-8edc-40cf-9e02-97cfb8495ecc.gif
145693749,"Lasclay_Bombes_2024_15",https://d3k81ch9hvuctc.cloudfront.net/company/RhpPJR/images/831e3034-ed7b-445c-ab5f-3471cf5bd1c7.png
145693763,"exaltata-25",https://d3k81ch9hvuctc.cloudfront.net/company/RhpPJR/images/482b8a70-5432-4a1e-a8f1-df0a75367b00.jpeg
145693792,"Restored_tallgrass_prairie_in_DuPage_County,_Illinois",https://d3k81ch9hvuctc.cloudfront.net/company/RhpPJR/images/2d010292-a405-4271-8f7a-ffb754579bf5.jpeg
147980872,"montage glacieres",https://d3k81ch9hvuctc.cloudfront.net/company/RhpPJR/images/850b5847-3428-47a9-8441-583c133302a4.jpeg
147981130,"sac lunch",https://d3k81ch9hvuctc.cloudfront.net/company/RhpPJR/images/bb0e2ce3-a318-4f51-8488-1b5d34e7fe1d.jpeg
147982455,"DSC_5911",https://d3k81ch9hvuctc.cloudfront.net/company/RhpPJR/images/dd692b41-4158-4457-8ca3-28674eccaaae.jpeg
147982829,"montage besace_Plan de travail 1",https://d3k81ch9hvuctc.cloudfront.net/company/RhpPJR/images/1eeafb66-b92f-4b1a-b7f4-7608b9f570bb.jpeg
150336795,"montage besace",https://d3k81ch9hvuctc.cloudfront.net/company/RhpPJR/images/bd1f838e-a74c-4e21-b687-90a360670293.jpeg
150337229,"(EN) montage besace",https://d3k81ch9hvuctc.cloudfront.net/company/RhpPJR/images/65d8ab59-f953-48f8-a1ae-59ba32bd26f1.jpeg
152348562,"Capture.1",https://d3k81ch9hvuctc.cloudfront.net/company/RhpPJR/images/d9a7b101-2248-4435-9198-858b4ad0b042.jpeg
152639781,"_MG_0122",https://d3k81ch9hvuctc.cloudfront.net/company/RhpPJR/images/7bb167f6-5b95-4791-8afb-958cf82e2b65.jpeg
152639825,"ember-navarro-CiV-G-bbQOU-unsplash (1)",https://d3k81ch9hvuctc.cloudfront.net/company/RhpPJR/images/8cd4803b-54b0-4af4-ae24-c55f6df55319.jpeg
152639877,"a4d9ac",https://d3k81ch9hvuctc.cloudfront.net/company/RhpPJR/images/2a3fe079-b11f-4744-b978-3a6ebdbff26b.jpeg
152639903,"morgane-le-breton-rqIr5yFIaGc-unsplash",https://d3k81ch9hvuctc.cloudfront.net/company/RhpPJR/images/1c16bb26-f2fd-4915-a028-722e7eecad4e.jpeg
152639918,"chemin",https://d3k81ch9hvuctc.cloudfront.net/company/RhpPJR/images/e0a8c792-c24b-424a-acac-d50e729d3f82.png
153812746,"PLUG IN STRAP - FRONT",https://d3k81ch9hvuctc.cloudfront.net/company/RhpPJR/images/2c0de359-218c-418d-a139-27fbda9bf190.png
153812776,"PLUG IN STRAP - FLAT",https://d3k81ch9hvuctc.cloudfront.net/company/RhpPJR/images/e8141e1c-14e8-4d13-a86f-b1d162dde6e0.png
153813369,"MONTAGE INFOLETTRE_1",https://d3k81ch9hvuctc.cloudfront.net/company/RhpPJR/images/0751bcc8-fa74-4242-be51-54fe3823d89a.png
153813419,"MONTAGE INFOLETTRE_1_Plan de travail 1",https://d3k81ch9hvuctc.cloudfront.net/company/RhpPJR/images/08bc5332-03ff-41f9-8839-f1c4089c5eb7.png
153813482,"PLUG IN STRAP - FRONT - Copy",https://d3k81ch9hvuctc.cloudfront.net/company/RhpPJR/images/ee7bc903-21c2-40c1-9cba-3efb2c8ed0b7.png
153813635,"PLUG IN STRAP - FLAT - Copy",https://d3k81ch9hvuctc.cloudfront.net/company/RhpPJR/images/a087fdb8-c95e-4e37-8299-6b97f9f84e22.png
153813685,"PLUG IN STRAP - DETAIL 1 - Copy",https://d3k81ch9hvuctc.cloudfront.net/company/RhpPJR/images/b24bc38c-84de-4236-b7b3-e9a148b260f9.png
153822535,"huile.1",https://d3k81ch9hvuctc.cloudfront.net/company/RhpPJR/images/571f6a11-7205-4322-8504-0b49cc3a18ad.jpeg
154981010,"infolettre_Plan de travail 1",https://d3k81ch9hvuctc.cloudfront.net/company/RhpPJR/images/de88a7b3-cdb0-4bf3-bdf2-cbce1e640f43.png
154981074,"infolettre_Plan de travail 1.1",https://d3k81ch9hvuctc.cloudfront.net/company/RhpPJR/images/3ddd7d3b-5227-499b-aebb-556130ee0c66.png
154981095,"infolettre_Plan de travail 1.1",https://d3k81ch9hvuctc.cloudfront.net/company/RhpPJR/images/7ec2e9c7-c3f5-49df-abcb-ad9b0281ef46.png
157345507,"IMG_1489",https://d3k81ch9hvuctc.cloudfront.net/company/RhpPJR/images/3a759494-e63d-416a-a2de-dff041e13797.jpeg
157347896,"111",https://d3k81ch9hvuctc.cloudfront.net/company/RhpPJR/images/abb72ea6-7f15-4798-b93a-226e4959beab.jpeg
159613176,"SMALL_TALLCAN_SEATINGPAD",https://d3k81ch9hvuctc.cloudfront.net/company/RhpPJR/images/a184aa74-dd74-4896-ae74-d72365a85f65.png
161966730,"animation-couleurs-et-ouvertures-lunch",https://d3k81ch9hvuctc.cloudfront.net/company/RhpPJR/images/46506f7c-e180-4344-bc11-f972defb8645.gif
164268721,"_MG_9071-Edit",https://d3k81ch9hvuctc.cloudfront.net/company/RhpPJR/images/598bd66a-8ca7-4887-b84e-28b79836333f.jpeg
164279085,"234459293_143500424564169_8592926752331212457_n",https://d3k81ch9hvuctc.cloudfront.net/company/RhpPJR/images/3ca13526-875b-4167-8e37-c5e1be7f4acd.jpeg
166725155,"nouveaux produits-02",https://d3k81ch9hvuctc.cloudfront.net/company/RhpPJR/images/ba1533e3-2f7c-4c6b-a3ea-e00219c39773.png
166725165,"nouveaux produits-01",https://d3k81ch9hvuctc.cloudfront.net/company/RhpPJR/images/9e9a2170-f658-44b8-ad8a-5b90ee9046b9.png
166725225,"nouveaux produits-03",https://d3k81ch9hvuctc.cloudfront.net/company/RhpPJR/images/450e5884-8f86-4908-b664-c2ea471d987f.png
166725244,"nouveaux produits-04",https://d3k81ch9hvuctc.cloudfront.net/company/RhpPJR/images/5c3d7d30-419b-4311-a647-2c86e39aca6d.png
166915372,"new products-01",https://d3k81ch9hvuctc.cloudfront.net/company/RhpPJR/images/2fe33f14-18b0-4fe1-a145-0c7f139c1674.png
166915374,"new products-04",https://d3k81ch9hvuctc.cloudfront.net/company/RhpPJR/images/5a8a7241-295c-4590-bfec-704481e33a13.png
166915375,"new products-03",https://d3k81ch9hvuctc.cloudfront.net/company/RhpPJR/images/42878c65-8988-4ab6-9d6d-680d4f97e501.png
166915376,"new products-02",https://d3k81ch9hvuctc.cloudfront.net/company/RhpPJR/images/50fb63fc-a43b-4c80-8d4c-3a83446cf083.png
169161556,"rabais",https://d3k81ch9hvuctc.cloudfront.net/company/RhpPJR/images/2000db91-704b-416e-8460-80f853634f27.jpeg
171625378,"LASCLAY - BEANIE - ALL CW",https://d3k81ch9hvuctc.cloudfront.net/company/RhpPJR/images/c5ca2372-e444-4955-b6c4-566de15bbc35.png
171625422,"LASCLAY - BEANIE - ALL CW - Copy",https://d3k81ch9hvuctc.cloudfront.net/company/RhpPJR/images/cf329762-7404-4178-bc16-8ca49ba5d82e.png
171625676,"LASCLAY - BEANIE - ALL CW - Copy (2)",https://d3k81ch9hvuctc.cloudfront.net/company/RhpPJR/images/43f204c3-dd16-4bc2-a439-bf953bfd697e.png
171626189,"asclepiade",https://d3k81ch9hvuctc.cloudfront.net/company/RhpPJR/images/e7f6360b-1734-4538-af0f-8c5136e7c7b8.jpeg
173158749,"462242186_2226992971018731_1470769004699667060_n",https://d3k81ch9hvuctc.cloudfront.net/company/RhpPJR/images/91365e86-4ece-4fe0-9a38-8d0f69fcc23c.jpeg
173159848,"462251936_1997196760800833_2889391350799340143_n",https://d3k81ch9hvuctc.cloudfront.net/company/RhpPJR/images/9396aff9-3f8c-4103-b617-1c46beeb7999.jpeg
174261180,"LASCLAY - SPORT BEANIE - BLACK - GHOST FRONT",https://d3k81ch9hvuctc.cloudfront.net/company/RhpPJR/images/3ad6e879-3922-477b-936c-70a0e46dec43.png
174261238,"LASCLAY - SPORT BEANIE - BLACK - GHOST FRONT.cropped",https://d3k81ch9hvuctc.cloudfront.net/company/RhpPJR/images/a99eadaa-d907-43a7-9457-cae3df757d75.png
174261501,"cache-cou",https://d3k81ch9hvuctc.cloudfront.net/company/RhpPJR/images/52778266-0574-4eb1-a9f7-52f99b1d97c7.jpeg
174262542,"review cache-cou",https://d3k81ch9hvuctc.cloudfront.net/company/RhpPJR/images/3c144454-04b4-442b-87c3-fc2d907bdde7.jpeg
178513975,"Lasclay-MediaKit-18.1",https://d3k81ch9hvuctc.cloudfront.net/company/RhpPJR/images/71a546e2-4ccd-474d-acb7-a134f28c66a6.jpeg
178514026,"2048 jpgIMG_1059",https://d3k81ch9hvuctc.cloudfront.net/company/RhpPJR/images/3eff6ec0-6c44-4cc0-8ef3-069da3f416a6.jpeg
178837670,"PUB INFOLETTRE",https://d3k81ch9hvuctc.cloudfront.net/company/RhpPJR/images/198df9ac-11cd-4ee4-8f20-b6ef4254b3d3.jpeg
178837762,"PUB INFOLETTRE.cropped",https://d3k81ch9hvuctc.cloudfront.net/company/RhpPJR/images/9350c065-2041-48cd-873d-8e6e615917b3.jpeg
178837842,"Capture1",https://d3k81ch9hvuctc.cloudfront.net/company/RhpPJR/images/2cebbfa2-d5ae-487f-9765-ccfc94cb3e11.jpeg
178837889,"Lasclay-MediaKit-18.2",https://d3k81ch9hvuctc.cloudfront.net/company/RhpPJR/images/871317c3-b40f-4fb7-88c3-8085223dbf41.jpeg
178838186,"Lasclay-MediaKit-18.3",https://d3k81ch9hvuctc.cloudfront.net/company/RhpPJR/images/5f373435-ff72-497a-b405-127749e98272.jpeg
178838203,"Capture1.1",https://d3k81ch9hvuctc.cloudfront.net/company/RhpPJR/images/2154636d-5998-4a07-9718-0034f52ebd03.jpeg
178838228,"PUB INFOLETTRE.1",https://d3k81ch9hvuctc.cloudfront.net/company/RhpPJR/images/aad18369-e334-4ff3-8f52-55c5693dacc1.jpeg
181580992,"concours",https://d3k81ch9hvuctc.cloudfront.net/company/RhpPJR/images/f46642c6-a4bd-4588-8d1d-18863cfc6f79.jpeg
181610338,"V1 - 2020 -1",https://d3k81ch9hvuctc.cloudfront.net/company/RhpPJR/images/dbd7e300-3e74-404f-8bf0-e7fde12c6228.jpeg
181610481,"glaciere",https://d3k81ch9hvuctc.cloudfront.net/company/RhpPJR/images/fe9ea3f0-1465-42cb-a4f4-df43c986be7b.jpeg
181610509,"tote",https://d3k81ch9hvuctc.cloudfront.net/company/RhpPJR/images/c5d1d53b-6ebd-4615-bcac-1e4e9ddd35f9.jpeg
181610556,"LASCLAY - SPORT BEANIE - BLACK - GHOST BACK",https://d3k81ch9hvuctc.cloudfront.net/company/RhpPJR/images/d9aba4e8-e6cc-4ae7-baba-6f9cb53c1a9a.png
184195744,"462550608_1106313941171664_2996258981220211954_n",https://d3k81ch9hvuctc.cloudfront.net/company/RhpPJR/images/0f3a2f47-1afe-4940-a077-08a1348bad16.jpeg
184195778,"462553722_1481513589180366_4516776695830520522_n",https://d3k81ch9hvuctc.cloudfront.net/company/RhpPJR/images/ead8e167-01cb-475e-b0f7-ccfe272a2613.jpeg
184195815,"462564167_544122881720471_488139825380731281_n",https://d3k81ch9hvuctc.cloudfront.net/company/RhpPJR/images/3a7ac693-1b45-4507-93b0-56827dae863c.jpeg
185590825,"meneurs",https://d3k81ch9hvuctc.cloudfront.net/company/RhpPJR/images/d4ce0093-6e3b-426b-877a-9ea41ee7db0f.jpeg
185591061,"_MG_4985",https://d3k81ch9hvuctc.cloudfront.net/company/RhpPJR/images/08d42fb2-1450-4d16-a70b-fc4d607b0223.jpeg
185591078,"DSC09836",https://d3k81ch9hvuctc.cloudfront.net/company/RhpPJR/images/17491de6-f613-439e-8eab-251a4aafb2b9.jpeg
188200137,"ddd",https://d3k81ch9hvuctc.cloudfront.net/company/RhpPJR/images/06a9c4e7-33e0-45d0-888c-cbde17b24316.jpeg
188208550,"BATISSE",https://d3k81ch9hvuctc.cloudfront.net/company/RhpPJR/images/6f00b295-1528-45eb-9a2e-6e82b66832c1.png
188208588,"ramassage",https://d3k81ch9hvuctc.cloudfront.net/company/RhpPJR/images/2543b4cf-c3e3-4175-bfad-19d60ebcbfbd.png
