id,name,status,send_time
"01K2MMTWD2SSQXXF5D223GV4Z1","Suivi précommande août","Sent","2025-08-14T16:36:42+00:00"
"01K2MBZYMP6JVGJJ2FX2HSPX2Y","Back to school #2 2025 FR","Sent","2025-08-16T11:30:00+00:00"
"01K1N4AKQ9RQEQZH96Y04E5MZH","Suivi manteaux","Sent","2025-08-02T10:21:53+00:00"
"01K1E5ECQS1R97WK7D67NGRGKV","Back to school 2025 FR","Sent","2025-08-02T12:00:00+00:00"
"01K0HAEV8EQ4KDSXM3BW842ARB","July sale EN-CA","Sent","2025-07-19T12:45:00+00:00"
"01K0H6JNJDDKNYGDKNXA79T5HQ","July sale EN-US","Sent","2025-07-19T12:45:00+00:00"
"01JZWQJMSSEQ3RMDX0SX8R0Q9H","Juillet bombes et plus 2025","Sent","2025-07-12T11:45:00+00:00"
"01JZB9XWA24PKBVPJWJ5TTZECQ","Retailles infolettre","Sent","2025-07-05T11:30:00+00:00"
"01JZ2WD4PC4DK2Z35GVKJQBCT2","RV R&D","Sent","2025-07-01T11:51:14+00:00"
"01JYPTY6NW57AF6GZPV797KGE0","(Banlieues éloignées) R&D reach out 3","Sent","2025-06-26T19:30:00+00:00"
"01JYPM0FD5SEMMHJ7P611MCZC8","(Ville QC) R&D reach out 2","Sent","2025-06-26T17:21:23+00:00"
"01JYNY6WSV1PEYP6AFK8RZR05C","Campagné été 2025 (EN) (follow-up)","Sent","2025-06-26T13:00:00+00:00"
"01JYNXQQ27DFYEJ52M7D51KT33","Campagné été 2025 (follow-up)","Sent","2025-06-28T12:00:00+00:00"
"01JY93WRPMJXX60WJ0EGXZ04ZF","Campagné été 2025 (EN)","Sent","2025-06-21T12:00:00+00:00"
"01JY7334ERX1X6TFRBMVNP4H7Z","Campagné été 2025","Sent","2025-06-21T11:45:00+00:00"
"01JY716FWSPDJAA3EWTJKB77CJ","Suivi besace","Sent","2025-06-20T16:09:02+00:00"
"01JXZE8GAK9Q8JCR5979W2MWH5","(Limoilou) R&D reach out 1","Sent","2025-06-25T16:00:59+00:00"
"01JXZ4PVT8BCG03983MXBVWG70","Email Campaign - Jun 17, 2025, 10:28 AM","Sent","2025-06-17T14:34:17+00:00"
"01JX41PPB6ZEFNKAT7HHA8QD1R","Rappel manteaux  + fin saison bombes","Sent","2025-06-07T12:00:00+00:00"
"01JWJ5AR7X9N9CVG8SGNBY4JX5","Réchauffement manteaux #3","Sent","2025-05-31T12:00:00+00:00"
"01JWE51G5NN2QFFAG2WB3Z8CYN","Réchauffement manteaux #2","Sent","2025-05-29T18:00:00+00:00"
"01JW17B7M5J3DGYKJPQHC5N5D6","Bombs APRIL 12  USA (clone) (clone)","Sent","2025-05-24T13:30:00+00:00"
"01JW15RCTTQRBD0EZZACD81G6D","Bombs APRIL 12  USA (clone)","Sent","2025-05-24T13:18:51+00:00"
"01JVGK8PCWYX3SRP7SX0RRF0KG","Réchauffement manteaux #1","Sent","2025-05-18T12:00:00+00:00"
"01JTWVF7T2WB6HRWP7FXA1CKRR","preorder summer 2025 canada","Sent","2025-05-10T13:15:00+00:00"
"01JTE20BVPV2XKS25KXR0XN34E","Précommande été 2025 (clone)","Sent","2025-05-10T12:00:00+00:00"
"01JTACT5RE6JCQVBF69J082Y82","Précommande été 2025","Sent","2025-05-03T12:00:00+00:00"
"01JS5WVDWFY54MWGFEGKQ7DV9Q","[Follow-up] Bombs APRIL 12 (clone)","Sent","2025-04-19T13:00:00+00:00"
"01JS5WPT9JW8EE0DFEK49GNV6N","[Follow-up] Bombes 12 avril 2024 (clone)","Sent","2025-04-19T12:00:00+00:00"
"01JS5WJ6ZG2Q95G58W4V61T739","[Follow-up] Bombs APRIL 12  USA (clone)","Sent","2025-04-19T13:00:00+00:00"
"01JRNPW06N9EVENSPVXH638PZG","[Follow-up] Bombs APRIL 12","Cancelled","2025-04-19T08:00:00+00:00"
"01JRNP0YQPBAZ3F85JP52AV36R","[Follow-up] Bombs APRIL 12  USA","Cancelled","2025-04-19T08:00:00+00:00"
"01JRNP0R1QPKZYXWCNYGHRPNGZ","[Follow-up] Bombes 12 avril 2024","Cancelled","2025-04-19T08:00:00+00:00"
"01JRHC0ZSYK5WZQ576FP1SH16E","Bombs APRIL 12  USA","Sent","2025-04-12T08:00:00+00:00"
"01JRGKWZH024FJ578K11FX6B03","Bombs APRIL 12","Sent","2025-04-12T08:00:00+00:00"
"01JRGJ69EY9FVS6Y3MSBN4K5DS","Bombes 12 avril 2024","Sent","2025-04-12T08:00:00+00:00"
"01JQ1FQWP51QPG8E9NNPJEP91H","[Follow-up] MILKWEED CAMPAIGN","Sent","2025-03-29T12:30:00+00:00"
"01JPZ2HVXZ3T879Q3RYKHVMSAS","[Follow-up] CAMPAGNE PLANTATION 2025","Sent","2025-03-29T12:08:38+00:00"
"01JPZ1TXMXM20KVYYQPHWX1KDZ","MILKWEED CAMPAIGN","Sent","2025-03-23T12:30:00+00:00"
"01JPYZV65Z08TQSX4HAZ1M0J32","CAMPAGNE PLANTATION 2025","Sent","2025-03-22T13:47:17+00:00"
"01JPCWSHQC2WZG7RTQ5MG3TGGG","Dernier rappel - fin de saison 2025 + manteau + recyclage + réchauffement jardin 2 (clone)","Sent","2025-03-15T12:53:51+00:00"
"01JNTWGC31V66ENR7DTR26D0ES","Dernier rappel - fin de saison 2025 + manteau + recyclage + réchauffement jardin 2","Sent","2025-03-08T15:03:50+00:00"
"01JM67MVCXREASE2SRNRBRRND3","Vente de fin de saison 2025 (EN)","Sent","2025-02-16T14:30:00+00:00"
"01JM36AZ94G16RCCYNYCRX6RZY","Rappel - fin de saison 25 + réchauffement jardin","Sent","2025-02-15T13:00:00+00:00"
"01JK0SJXWC35K2CYGXWHH4T8KE","[Follow-up] Vente de fin de saison 2025","Sent","2025-02-08T13:00:00+00:00"
"01JK0G2WVPFWR2D8QMK4QXG6VQ","Vente de fin de saison 2025","Sent","2025-02-01T13:00:00+00:00"
"01JHYJBD5JC6Y00VHEAHA8RHVH","Imparfait + asclépiade","Sent","2025-01-19T13:00:00+00:00"
"01JHNXS5VFN7JEAXQGRAJFBCH7","Suivi commandes tuques","Sent","2025-01-15T21:30:21+00:00"
"01JHNWHSMJ26E8A8WCA505VHHC","Email Campaign - Jan 15, 2025, 4:05 PM","Draft",""
"01JHNWHGHCQWY8YZD3TVR2Z90D","Suivi commandes produit manquant","Sent","2025-01-15T21:26:13+00:00"
"01JH9NY0PF1CFTMPTVG5AKFR65","Reship graines timbre colis","Sent","2025-01-11T15:15:00+00:00"
"01JH9N04ZWYYMC57G0233GBNK4","Reship graines timbre","Sent","2025-01-11T15:00:00+00:00"
"01JH9HWPTMVA5F7P6NHJTZ5TZF","Tirage concours novembre","Sent","2025-01-11T13:45:00+00:00"
"01JFQE88C5W6YH12T3978WYMF0","Noel non bredouille","Sent","2024-12-22T15:07:59+00:00"
"01JFD6A6J2XNHR39X3VZ7DC0H2","Entrepot Lasclay 18 décembre","Sent","2024-12-18T16:14:01+00:00"
"01JFBR0G60WXVZ5YFSDD3BHMKF","Marché de Noel QC","Sent","2024-12-18T12:00:00+00:00"
"01JF9K7DDGGXNME1HHFN0G4QHD","precommande tuque janvier","Sent","2024-12-17T12:00:00+00:00"
"01JF510K9MKEM8EZ80QYBHGBBZ","Cutoff décembre (ontario)","Sent","2024-12-15T14:00:00+00:00"
"01JF2YR84HZEAFTQS8ANSKK5X9","Cutoff décembre (clone)","Sent","2024-12-15T13:45:00+00:00"
"01JF1S861EMHN4XV4P6E3A0TQY","Cutoff décembre","Sent","2024-12-14T13:00:00+00:00"
"01JEXSZE4KTSR6JY3RV764TTJX","Entrepot Lasclay 12 décembre","Sent","2024-12-12T16:31:36+00:00"
"01JEXSHFR7BSPDDZNZXSQ58N00","DDD 12 décembre","Sent","2024-12-12T16:06:45+00:00"
"01JEKBRRED8D1SW5D85SQSTM3S","Suivi commandes timbres","Sent","2024-12-08T15:46:22+00:00"
"01JE07ECBFYXHBKMPMQYAERE9K","Concours - annonce finale","Sent","2024-12-01T13:00:00+00:00"
"01JDMEK7EYHP7K5C6ACYA6ABJB","suivi précommande novembre Greve Postes Can (clone)","Sent","2024-11-26T15:22:34+00:00"
"01JCR75GNYAT9S2XP0J71NPH1F","Promo novembre 16 nov","Sent","2024-11-16T13:00:00+00:00"
"01JCR4M8WBVNHBDA5D2X5MCRDW","suivi précommande novembre Greve Postes Can","Sent","2024-11-15T15:08:45+00:00"
"01JBXBQ84F61BVFCVC3W27NE5X","Promo novembre (clone)","Sent","2024-11-05T07:45:00+00:00"
"01JBX9D6JPBPB24S2C0KC0WQRC","Courriel corpo (noms) NOEL","Sent","2024-11-05T13:00:00+00:00"
"01JBX8WYNEKXKWC9MYX9Y4BDNJ","Courriel corpo NOEL (générique)","Sent","2024-11-05T13:30:00+00:00"
"01JBX4WCFF5BQGYPMFQQVPYYBN","suivi précommande novembre","Sent","2024-11-05T13:00:00+00:00"
"01JBQSAGRD976253RYW0W7QMEQ","Promo novembre","Sent","2024-11-03T13:00:00+00:00"
"01J9YBQ5AZCV44M9B6BTX3VRY7","(EN) Fall headbands etc.","Sent","2024-10-12T08:30:00+00:00"
"01J9YBFY7PF6BB9ECPJ78Q8EPG","(FR) Automne bandeaux etc. (clone)","Sent","2024-10-12T12:00:00+00:00"
"01J9KKXW3Z1JFWZ571H0Y177P3","Coussins prob","Sent","2024-10-07T14:11:45+00:00"
"01J8T9XTPHWJRKNDSJENX59W8B","Précommande follow-up FR non-acheteur","Sent","2024-09-28T12:00:00+00:00"
"01J8T8DQCACM0A0YYPMB0ZNARZ","suivi précommande (clone)","Sent","2024-09-27T17:41:39+00:00"
"01J8T2PF1HAXY63FHYR91QA0JM","suivi précommande","Sent","2024-09-27T16:20:03+00:00"
"01J7QY5EB0HQQ14QDB3B05PG9N","Warmup #3 presale","Sent","2024-09-14T14:00:00+00:00"
"01J7P6ZS1K71FSXJND79QAJ9XF","Réchauffement #3 FR Prévente","Sent","2024-09-13T17:36:56+00:00"
"01J74YH3JBV2NFNDAKHWXR1WPA","Warmup #2 presale","Sent","2024-09-07T13:00:00+00:00"
"01J74T6R434H8WSBWZC12BQX7V","Réchauffement #2 FR Prévente","Sent","2024-09-07T12:00:00+00:00"
"01J6SCN8AFTSB55KPX49PDC66B","Warmup #1 presale","Sent","2024-09-02T13:16:52+00:00"
"01J6JF8FQG34EB0RMFP08FV9MF","Réchauffement #1 FR Prévente","Sent","2024-08-31T12:00:00+00:00"
"01J6F6NQEEDJGD62WGMR9WW2JW","Courriel corpo (générique)","Sent","2024-08-29T14:08:00+00:00"
"01J6ADA2151SRTANEPSKEDE0DB","Courriel corpo (noms)","Sent","2024-08-28T07:30:00+00:00"
"01J5E9HC3X9NHDTQ4CRHNYTX6A","Sac à vin + étuis - EN","Sent","2024-08-17T13:00:00+00:00"
"01J5E6R2J36NK1XGEKRBK77SE7","Sacs à vin + étuis FR","Sent","2024-08-17T12:00:00+00:00"
"01J4AA9QEGBGZBSW01NKCC2WJR","Back to school #1 FR","Sent","2024-08-03T12:00:00+00:00"
"01J3QJKBTSC7FTPCYYG3CT63F6","(EN) Juillet bombes et plus #2","Sent","2024-07-27T13:30:00+00:00"
"01J3QHJVCJSDNGJA99FM8YWXEY","Juillet bombes et plus #2","Sent","2024-07-27T12:00:00+00:00"
"01J35ZWZF5XP0MQSCXN6RKM7JT","Juillet bundles FR","Sent","2024-07-20T12:00:00+00:00"
"01J23ZAFSYP9MEZNC7NPBHPTHD","(EN) Juillet bombes et plus","Sent","2024-07-06T13:00:00+00:00"
"01J23V5EV2VG28GDY25A1QAJJS","Juillet bombes et plus","Sent","2024-07-06T12:15:00+00:00"
"01J0Z4Y5RK5Q2AT4C948KVTCD2","Summer","Sent","2024-06-22T13:30:00+00:00"
"01J0YTK8E2HMSNXZG0MK2MPVVE","Été","Sent","2024-06-22T11:00:00+00:00"
"01J0D17Z7F76EWXFMH9Q6YH1BW","Cosmétiques prévente","Sent","2024-06-15T11:30:00+00:00"
"01J0CGWW18EAE80P197HSVVSBT","Upgrade Sac à lunch","Sent","2024-06-15T11:30:00+00:00"
"01HZTVZ10D9N869BJQ8PYQST6J","Rappel Bombes fr","Sent","2024-06-08T12:00:00+00:00"
"01HZQ81669QEESHZV0APP64M6C","Rise cartes-cadeaux rappel","Sent","2024-06-06T17:28:51+00:00"
"01HYPVVCW56E49TT1Q1YPT2Y7B","Shoulder tote bag","Sent","2024-05-25T13:00:00+00:00"
"01HYPMBRKNMK5CRGYKZGTF6TR6","Besace - glacières mai 2024","Sent","2024-05-25T12:00:00+00:00"
"01HXKJYX7NDB605XNZPAZ2WNQ6","Réchauffement glacière #1 (clone)","Sent","2024-05-11T13:15:00+00:00"
"01HXJWV9YVX101GD64T21K7NMC","(EN) Flower bombs","Sent","2024-05-11T13:00:00+00:00"
"01HWF3XQMYDH85HDYG3MMAN3M7","Bombes florales","Sent","2024-04-27T12:00:00+00:00"
"01HVWYRCF2TGDDNBNQG52TK3GT","Milkweed bombs","Sent","2024-04-20T13:00:00+00:00"
"01HVWVX7N7HMHNYSQQANZF053A","Bombes asclépiade","Sent","2024-04-20T12:00:00+00:00"
"01HTRKRFXZ5PN59QRKYTV895Y1","cosmetics EN","Sent","2024-04-06T13:00:00+00:00"
"01HTRJAF3Z1SGX23Y886SX326G","cosmétiques annonce","Sent","2024-04-06T12:00:00+00:00"
"01HSMFM4XFN248VM5XBHZ1Z8NQ","Vente de fin de saison 2024","Sent","2024-03-23T12:00:00+00:00"
"01HSMBN0ZQFY14MX4XWX4RHDPG","Oven mitts","Sent","2024-03-23T08:30:00+00:00"
"01HS5FYGYJKC9PHM49R5XQAG0H","Mitaines de four","Sent","2024-03-17T12:00:00+00:00"
"01HQTWR9WP41K7NERGP0967CYQ","Villes amies monarques mairie","Sent","2024-02-29T18:06:05+00:00"
"01HQTTSQDACXG3466MMEGQP24T","USA Milkweed planting Campaign","Sent","2024-03-02T15:00:00+00:00"
"01HQTR1VJVA3CTCRB193FWAEDW","Milkweed planting Campaign","Sent","2024-03-02T15:00:00+00:00"
"01HQBNJHJ2ASA2Y7Y002APBVZM","Campagne nationale plantation","Sent","2024-03-02T13:00:00+00:00"
"01HNDKGQ6C1CHNETQDWARN6WDD","(EN) Vente février","Sent","2024-02-25T15:00:00+00:00"
"01HNDKDQ3G59FCPG3Q2MYY56HP","Vente Relâche FR","Sent","2024-02-24T08:00:00+00:00"
"01HMKFADZCPCD24NKM68T9XYED","Rappel cache-cous + foulards","Sent","2024-01-20T13:15:00+00:00"
"01HMKEB4DQNK1YEZA4K4A36VMK","cache-cous + foulards","Sent","2024-01-20T12:59:50+00:00"
"01HM49N1QTXYPYZ5GYK794TWDB","(EN) cache-cous + foulards","Sent","2024-01-14T15:42:55+00:00"
"01HM1MMABDZR6H62XY6NYGQE0M","cache-cous + foulards","Sent","2024-01-13T15:04:25+00:00"
"01HJJZSM1XW9DNQXHCM309CWQY","Boxing week","Sent","2023-12-26T13:00:00+00:00"
"01HJDV6PNMMTHZT01H92AVZQVZ","Email Campaign - Dec 24 2023 7:01 AM","Draft",""
"01HH5PHDJKYMBRQN4S1NAHZ654","(EN) late delivery decembre 23 Campaign","Sent","2023-12-09T09:00:00+00:00"
"01HH5MDVZH7Q4XEPJVH9RFQ5QX","Campagne retard décembre 23","Sent","2023-12-09T08:00:00+00:00"
"01HG37GWAHC98ZX1ZNKTRNA7R0","(EN) BFCM cartes-cadeaux","Sent","2023-11-25T13:30:00+00:00"
"01HG35WQWJB0H5Z5MY2R0TWTGT","(FR) Rappel BFCM cartes-cadeaux","Sent","2023-11-25T12:45:00+00:00"
"01HFW74YXF4MCGXR7EE4RD1997","(EN) pre-order follow up 25oct-21nov","Sent","2023-11-22T19:17:07+00:00"
"01HFW6P21WPP17PZ9PSF7V8NSF","(FR) Suivi précommandes (24oct-21nov)","Sent","2023-11-22T19:09:50+00:00"
"01HFHA4JSY93ADBN4QVDN58TZ8","Sepaq MTL","Sent","2023-11-18T14:08:12+00:00"
"01HF1XMFNNRESDBR91A31K5WG3","(FR) BFCM cartes-cadeaux","Sent","2023-11-12T14:23:00+00:00"
"01HF1TZQ3G92EE2ER0VDH6KQXY","(EN) pre-order follow up","Sent","2023-11-12T13:27:10+00:00"
"01HF1T8BYZD5RWN2N3H8593J7J","(FR) Suivi précommandes novembre 23","Sent","2023-11-12T13:13:50+00:00"
"01HCT311A7YYMXEJYG6WF5GR8R","(FR) Automne bandeaux etc.","Sent","2023-10-15T16:45:00+00:00"
"01HCT2TSXQC8RS6ZY6C5KZ50C9","(EN) Fall headbands etc.","Sent","2023-10-15T17:05:06+00:00"
"01HAW6DJ353NNZ346YAWKPE93F","Follow-up #1 NON-BUYER Fall presale 2023","Sent","2023-09-23T13:30:00+00:00"
"01HAW5E1XH04AKDY9BMFQVVYHD","(EN) follow-up #1 buyer Fall presale 2023","Sent","2023-09-23T13:00:00+00:00"
"01HAW25S7E1HV5AEBZ5VF4ZQD8","Suivi #1 NON-ACHETEUR prévente automnale 2023","Sent","2023-09-23T12:00:00+00:00"
"01HAW0HMPN3SP9J3HC5ZKBJ0YZ","Suivi #1 ACHETEUR prévente automnale 2023","Sent","2023-09-23T08:00:00+00:00"
"01HACV5EWBP0PCWR4C88ZNM55T","WARMUP #2 Fall pre-sale 2023","Sent","2023-09-15T17:00:00+00:00"
"01HACSGT9WJEH0PAYW4A5ZXD5A","Réchauffement #2 prévente automnale 2023","Sent","2023-09-15T16:30:00+00:00"
"01H9B4NMJVFTTKCSZRJGQRESB9","WARMUP #1 Fall pre-sale 2023","Sent","2023-09-02T15:30:00+00:00"
"01H9AZKW94D0862Y49WVRHP5RK","Réchauffement #1 prévente automnale 2023","Sent","2023-09-02T14:30:00+00:00"
"01H8Q55XDQS65B2G8SJKPCM3WF","Suivi sac lunch + switch","Sent","2023-08-27T08:00:00+00:00"
"01H89BP6BXP9NZWVM9F85EFPTP","Rappel-suivi push Sac lunch","Sent","2023-08-20T11:47:06+00:00"
"01H84JJDY3WKZ9YNJHX80NJ32A","Lunch bag warmup","Sent","2023-08-18T15:09:23+00:00"
"01H84J2EGK725CQN6TGC0MQN99","Réchauffement sac lunch #2","Sent","2023-08-18T15:15:00+00:00"
"01H7GG1WFHEZRCGB5DABQGKNTC","Lunch bag warmup","Sent","2023-08-12T08:30:00+00:00"
"01H7GAJZTP5YMGB5QW9ZWRBRYC","Réchauffement sac lunch","Sent","2023-08-12T12:00:00+00:00"
"01H69Q9K13RYCKP2DBFH3MWKK5","Quincaillerie EN","Sent","2023-07-26T18:29:53+00:00"
"01H69Q07FGXRBG7D2P3ED54QZC","Quincaillerie","Sent","2023-07-26T18:26:50+00:00"
"01H3MMJRMW91BTGG3SMQHWBWF9","EN retard livraison glacière","Sent","2023-07-02T14:28:24+00:00"
"01H3MKTVZNQ0KNQJRRATYFPSX3","FR Retard livraison glacière","Sent","2023-07-02T14:22:35+00:00"
"01H3MDAEKGA2JKZR5R1S18QMT5","EN Résultats concours + rabais","Sent","2023-07-02T14:15:00+00:00"
"01H3MCQPCZGBNPEKRQZWDACZ0R","Résultats concours + Rabais","Sent","2023-06-25T12:00:00+00:00"
"01H2H99YWJP1KK04VDQ9XSWD04","Coolers contest","Sent","2023-06-11T13:30:00+00:00"
"01H2H11KP6EH8H6XNCCSRMFR6J","Concours glacières","Sent","2023-06-10T12:30:00+00:00"
"01H2DMCT0V03R58N5NHPH6B5K1","Planting seed bombs tutorials","Sent","2023-06-12T19:57:20+00:00"
"01H2DKKD7WEEWHG7FANRX1WQ5N","Comment planter tes bombes semencières","Sent","2023-06-12T19:46:31+00:00"
"01H1G9K0TZ0XGQFJN9B29TPKQ8","Reminder Coolers","Sent","2023-05-28T12:00:00+00:00"
"01H1G8M7WWAXWZZTYBKYEMC99X","Rappel glacière","Sent","2023-05-28T12:00:00+00:00"
"01H0XW8BVREWZ986NRDQAJ01DC","Seed bombs order follow-up","Sent","2023-05-21T00:51:05+00:00"
"01H0XVPTM8Q50GEJZT8JMHT5QH","EN warmup Coolers #2","Sent","2023-05-21T13:00:00+00:00"
"01H0XTGJTJ8EP9M44DRKKD03XY","Suivi commande de bombe (prise 2)","Sent","2023-05-21T00:19:27+00:00"
"01H0XR4D14ET52YSXCZ6KWPRNJ","Réchauffement glacière #2","Sent","2023-05-21T12:30:00+00:00"
"01H0DAZ5J35BJC8WFV0QSBVD0C","EN warmup Coolers","Sent","2023-05-14T15:15:00+00:00"
"01H0D22BM027V01H385YJX5D2T","Réchauffement glacière #1","Sent","2023-05-14T13:00:00+00:00"
"01H08A2X8PNK13Y02JE5VJW5YT","Seed bombs order follow-up","Sent","2023-05-13T12:13:45+00:00"
"01H089DH10FXE3MYJKYBBGY5GQ","Suivi commande de bombe","Sent","2023-05-13T11:45:06+00:00"
"01GZP4NJ85G45FB4J4GHFN445V","Flower bombs & warming EN","Sent","2023-05-07T19:00:00+00:00"
"01GZP4MBGW274HG4JR7BYQM8MN","Bombes florales et réchauffement fr","Sent","2023-05-07T18:45:00+00:00"
"01GZP4KAQ6STDKEVQWEXTE2FVQ","Campagne Bombe FR","Draft",""
"01GZP0AX0J9N66E7FT5PCBM33P","Campagne Bombe FR","Draft",""
"01GZC5EE71SJHZ8RSE3N3ATQVF","Speciosa Quebec fr","Sent","2023-05-01T17:52:27+00:00"
"01GZ1GW5RKWP0EE025T8T4AQ9E","Campagne Bombe EN","Sent","2023-04-29T14:00:00+00:00"
"01GZ1CFJD89GV5TFP3FXF7168P","Campagne Bombe FR","Sent","2023-04-29T09:00:00+00:00"
"01GYA89NRKMHMPNYT7TSXPH947","Villes amies des papillons monarques - Environnement","Sent","2023-04-19T08:00:00+00:00"
"01GYA86BPZJXR5G5MY8FSTD5EB","Villes amies des papillons monarques - Urbanisme","Sent","2023-04-19T08:00:00+00:00"
"01GY7PW5M382W1A171BREVFEEW","Villes amies des papillons monarques","Sent","2023-04-17T17:23:48+00:00"
"01GY7KWPZ7R2NJ2N46BPM30QWE","Email Campaign 2023-04-17 08:44:01","Draft",""
"01GY4Z5494KBYSDA0M9MACRXX0","End of season sale 2023","Sent","2023-04-16T12:30:00+00:00"
"01GWX9HN5X8ZW3ENHJDV06GTDY","Vente de fin de saison 2023","Sent","2023-04-01T12:30:00+00:00"
"01GVB380KGSTYX6VMT4DS1H43V","Email printemps EN","Sent","2023-03-12T17:30:00+00:00"
"01GVB1K2KWMQ3FCQ8DN7T131EH","Email printemps 2023","Sent","2023-03-12T17:00:00+00:00"
"01GQYYBBVY7QGJJ1EPPHEVCCKG","(EN) Vente février","Sent","2023-01-29T21:00:00+00:00"
"01GQYV693Y6RPXBB52BWJYEDSV","Campagne vente février 23","Sent","2023-01-29T19:00:00+00:00"
"01GQTM67ZFH0YM0VHSSNB7MHV4","Suivi prod janvier","Sent","2023-01-27T22:16:15+00:00"
"01GMEFH2XRB0CNSA7V9BNBY2B8","Cache-cou entretien","Sent","2022-12-16T22:13:23+00:00"
"01GMB8Q5NWD7VCQPC4PW7VYWYS","Suivi prod 2022-12-15","Sent","2022-12-15T16:19:39+00:00"
"01GJSZ0V94ZWSCYHHSCR0PMNCK","Suivi prod 2022-11-26 07:36:29","Sent","2022-11-26T10:00:00+00:00"
"01GEXF6Z899JMM8B9WJRNR6M1P","(EN) Rappel prévente 22","Sent","2022-10-09T17:30:00+00:00"
"01GEXEXEWB73AKTGYGWTXMCHQ1","(FR) Rappel prévente 22","Sent","2022-10-09T17:00:00+00:00"
"01GEXENJB53DBD7Z309R57K36P","(EN) remerciements acheteurs","Sent","2022-10-09T10:00:00+00:00"
"01GEXAX6E8X60TZBYTDDSNRYCS","(FR) Remerciement acheteurs prevente 22","Sent","2022-10-09T12:30:00+00:00"
"01GD0W0TVW62CZMP4GWQ9P9RX4","Prévente 2022- Réchauffement #3 (FR)","Sent","2022-09-15T22:00:00+00:00"
"01GD0S5D6DPMNZBQB92V7RVHB4","Prevente 2022 Réchauffement EN #2","Sent","2022-09-15T22:00:00+00:00"
"01GCKSTAN2CKWB02527GRW8867","Email Campaign 2022-09-10 09:35:55","Draft",""
"01GCKSKASEP0F7NNWSB0HWWS12","Prévente 2022 réchauffement FR #2","Sent","2022-09-11T18:00:00+00:00"
"01GBYYVWGERX01MCADAG224XJ1","(USA) Preorders 2022 - Warming EN  2022-09-03","Sent","2022-09-03T08:30:00+00:00"
"01GBXZ4MT6G5DP5EZ0FNK2MNXD","Preorders 2022 - Warming EN  2022-09-03","Sent","2022-09-03T08:30:00+00:00"
"01GBH24BJBTC36MWC122AQBMYJ","Réchauffement 1 - Prévente 2022","Sent","2022-08-28T12:00:00+00:00"
"RKUyey","Glacière FR 2022-05-15","Sent","2022-05-15T13:15:00+00:00"
"ScZNVi","Email Campaign 2022-05-11 12:03:40","Draft",""
"S9Na8J","Email Campaign 2022-04-18 12:19:11","Draft",""
"V7VB6u","2022-02-23 (EN) Campagne de plantation","Sent","2022-03-20T21:58:09+00:00"
"YbmAXn","2022-02-23 (FR) Campagne de plantation","Sent","2022-03-20T17:35:04+00:00"
"T3SVMQ","2022-02-23 (FR) Vente de fin de saison Lasclay (ERRATUM)","Sent","2022-02-24T00:11:43+00:00"
"Sh7rs8","2022-02-23 (FR) Vente de fin de saison Lasclay","Sent","2022-02-23T23:30:00+00:00"
"UbeUuE","2021-01-25 (FR) QC Foulard entretient","Sent","2022-01-25T23:32:19+00:00"
"RTBZ5J","2021-01-25 (EN) Outside QC Foulard entretient","Sent","2022-01-25T23:33:37+00:00"
"UmzmU2","2022-01-14 - Mise à jour preorders janvier QC","Sent","2022-01-15T15:00:41+00:00"
"X7Szef","2021-12-10 (EN) Outside QC Foulard entretient","Sent","2021-12-10T21:49:15+00:00"
"WmPwqr","2021-12-10 (FR) QC Foulard entretient","Sent","2021-12-10T20:56:48+00:00"
"UyW8xL","2021-11-21 (EN) Preorders décembre 2021 - Mise à jour de production","Sent","2021-11-21T13:30:00+00:00"
"Uu5nds","2021-11-21 (FR) Preorders décembre 2021 - Mise à jour de production","Sent","2021-11-21T13:00:00+00:00"
"YnCRap","2021-10-10 (EN) Merci Preorders décembre 2021","Sent","2021-10-10T13:00:00+00:00"
"QUExUR","2021-10-10 (EN) Preorders janvier 2022","Sent","2021-10-10T13:30:00+00:00"
"S7fCVW","2021-10-10 (FR) Preorders janvier 2022","Sent","2021-10-10T12:15:00+00:00"
"VdpBXN","2021-10-10 (FR) Merci Preorders","Sent","2021-10-10T12:00:00+00:00"
"X43GYq","2021-09-18 (EN) Newsletter - Rappel Preorders","Sent","2021-09-18T14:00:00+00:00"
"T4CEjm","2021-09-05 (FR) Newsletter - Rappel Preorders","Sent","2021-09-18T14:00:00+00:00"
"VNuXXU","2021-09-05 (EN) Newsletter - Warmup Preorders","Sent","2021-09-05T17:15:00+00:00"
"VQ2Yaz","2021-09-05 (FR) Newsletter - Warmup Preorders","Sent","2021-09-05T17:15:00+00:00"
"TkhZbd","2021-07-17 (FR) Newsletter - Campagne GoFundMe","Sent","2021-07-17T12:45:00+00:00"
"RGmaEg","2021-07-07 (EN) Newsletter - Campagne Glacière","Sent","2021-07-07T14:49:05+00:00"
"SNctSQ","2021-06-29 (EN) Newsletter - Rewarm","Sent","2021-06-29T21:47:02+00:00"
"Yaanr9","2021-06-30 (FR) Graineux  - Campagne Glacière","Sent","2021-06-30T15:15:00+00:00"
"StTsKi","2021-06-30 (FR) Newsletter - Campagne Glacière","Sent","2021-06-30T15:00:00+00:00"
"V3rECi","2021-05-20 Vente fin de saison","Sent","2021-05-20T20:00:00+00:00"
"UBY5L9","2021-05-13 (FR) Promo graines","Sent","2021-05-13T16:15:00+00:00"
"SLeXyd","2021-05-09 (FR) - Bilan de la saison","Sent","2021-05-09T18:07:34+00:00"
"VAe32C","Email Campaign Preorders 2021-03-25","Sent","2021-03-25T12:30:00+00:00"
"W6Mjcm","Email Campaign Pre-Orders Update 2021-01-17","Sent","2021-01-17T17:03:40+00:00"
"YdpLMD","Email Campaign 2020-12-17","Sent","2020-12-17T12:45:00+00:00"
"TbMGMG","Email Campaign 2020-12-03","Sent","2020-12-03T17:00:00+00:00"
"UK3p5F","Email Campaign 2020-11-15","Sent","2020-11-15T12:00:00+00:00"
"SdvHbi","Email Update Infolettre 02 (2020-10-22)","Sent","2020-10-22T19:30:00+00:00"
