"id","name","status","send_time","channel"
"01KVE013N0ANFS640GVZSW59XX","Suivi prévente 2026","Sent","2026-06-20T11:00:00+00:00","email"
"01KVDD0X8TDDNCDG63ZCVQDTZS","Suivi prévente 2026 commandes","Sent","2026-06-18T18:29:37.578399+00:00","email"
"01KSZ2CG0DQ86XH07GH0XVBH43","Réchauffement prévente 2026 remerciement","Sent","2026-05-31T13:24:12.208826+00:00","email"
"01KSVFGFHWHMS8FPR1BRH1GM73","Réchauffement prévente 2026 #4","Sent","2026-05-30T11:00:00+00:00","email"
"01KSQ4N8RP8S7WVP8PKS0TBZ3F","Réchauffement prévente 2026 #3 - video cache-cou","Sent","2026-05-28T12:15:00+00:00","email"
"01KSCYFRHZFXTA6Z4SYBNCE8D1","Réchauffement prévente 2026 #2 - video doc","Sent","2026-05-24T12:45:00+00:00","email"
"01KRX1MBST6PSVYW6RME23NS76","Réchauffement prévente 2026 #1","Sent","2026-05-18T11:00:00+00:00","email"
"01KQM78PHDKB6N003P21PC2H0W","Précommande été 2026 (EN)","Sent","2026-05-02T11:55:54.698105+00:00","email"
"01KQM4YQKWG0XFXB3ZWAG6DQW0","Précommande été 2026","Sent","2026-05-02T11:30:00+00:00","email"
"01KPG8655CZG3R3FWQ7FQTSPTC","Cosmétiques prévente (clone)","Sent","2026-04-18T13:50:30.322884+00:00","email"
"01KN7K2SNSMX7XTX8D5R7TJAEV","NATIONAL PLANTING CAMPAIGN 2026","Sent","2026-04-04T12:30:00+00:00","email"
"01KN7DZKMAFVM68X5XQ2R7N8CM","(region QC) Campagne nationale plantation 2026 (clone)","Sent","2026-04-04T07:30:00+00:00","email"
"01KKM8FZ5J2WRS2FXS75J0X7N4","Milkweed planting Campaign (2026) (US)","Sent","2026-03-14T13:00:00+00:00","email"
"01KKM5DMFCP511X554CE7Y0FFC","Milkweed planting Campaign (2026)","Sent","2026-03-14T12:00:00+00:00","email"
"01KKHTVHQJMNXPHGNNRAJYK3KK","(region QC) Campagne nationale plantation 2026","Sent","2026-03-14T11:30:00+00:00","email"
"01KJTF431HHNDD4CXEJETQMZK7","erratum","Sent","2026-03-03T18:35:26.832141+00:00","email"
"01KJNE1QC99SGV2AT914NW9ETB","Tirage monarques","Sent","2026-03-01T19:56:19.676797+00:00","email"
"01KHXSSX9RMH0RWNRQ9WSEG8D2","Vente de fin de saison 2026 (#3) follow up","Sent","2026-02-21T12:30:00+00:00","email"
"01KHB6Q7GK7N6W4CBGV1C20AD4","Vente de fin de saison 2026 (#2) follow up","Sent","2026-02-14T12:30:00+00:00","email"
"01KGST4S7YYJPVRSWSKVPTXJ23","Vente de fin de saison 2026 (#2)","Sent","2026-02-07T11:30:00+00:00","email"
"01KG76EFRCXGJMSJVCM43MR33X","end of season 2026 (erratum follow-up)","Sent","2026-02-01T13:00:00+00:00","email"
"01KG76BANB11D3WK21S0SXSR96","end of season 2026 (follow-up)","Sent","2026-01-31T13:45:00+00:00","email"
"01KG767TN1SNXH8T22DFHN3BAM","Vente de fin de saison 2026 (erratum) (follow-up)","Sent","2026-02-01T12:15:00+00:00","email"
"01KG763XHRR4X77KDEVRSHN0C9","Vente de fin de saison 2026 (follow-up)","Sent","2026-01-31T12:30:00+00:00","email"
"01KG08ZDR4T9AKMDQJMB6AE9D8","yellow beanies","Sent","2026-01-27T17:47:59.767850+00:00","email"
"01KG08D41SMBX0AZDWPD9CWD3B","tuques jaunes","Sent","2026-01-27T17:45:26.637042+00:00","email"
"01KFTP9DFAENKC1GHPYJBMW6NY","end of season 2026 (clone)","Sent","2026-01-25T13:50:44.343628+00:00","email"
"01KFTNJD7WG88F2YKNQFX70G64","Vente de fin de saison 2026 (erratum)","Sent","2026-01-25T13:45:00+00:00","email"
"01KFR1HH0KN36DQGDV90T7EV5S","end of season 2026","Sent","2026-01-24T13:30:00+00:00","email"
"01KFQQCYP5VWF921DR2V6N2ZJ8","Vente de fin de saison 2026","Sent","2026-01-24T13:00:00+00:00","email"
"01KESGP9Z1Y7N6362X5XSWDDSJ","Suivi précommandes","Sent","2026-01-12T16:43:00.093664+00:00","email"
"01KECBCPWCTQA13C6VVJNT7DYN","Manteaux suivi final","Sent","2026-01-07T14:13:58.458906+00:00","email"
"01KDFY37YXYPE5T9BGVT4JCYJ5","Boxing day","Sent","2025-12-27T13:30:00+00:00","email"
"01KD0DB3SJVZHEVQW9FESRFQ2H","EN Suivi commandes","Sent","2025-12-21T12:44:34.132880+00:00","email"
"01KD0C0RED99XHTAF9DSGQGYK6","Suivi précommandes offre cartes","Sent","2025-12-21T12:13:05.178457+00:00","email"
"01KCY5EEAEQRDPZBWE7W67ZV9J","Cartes-cadeaux","Sent","2025-12-20T15:26:09.334880+00:00","email"
"01KCY4HWHQMK7W54VJ5EJHP9ES","Suivi précommandes","Sent","2025-12-20T15:15:03.782470+00:00","email"
"01KCQC4Y3QTJHNTK3AYYDEVSKS","Manteaux suivi (clone)","Sent","2025-12-18T00:14:05.777282+00:00","email"
"01KCM37M3FH4JCASEMTS0DT3J0","EN Manteaux suivi","Sent","2025-12-17T01:58:45.158509+00:00","email"
"01KCKWCJTFRWDRZ4GPAGR1KHNN","Manteaux suivi","Sent","2025-12-16T17:25:52.076590+00:00","email"
"01KCBQ25N3WRDP1SBPJ0ZQWEFR","Concours automne 2025 deadline","Sent","2025-12-13T12:00:00+00:00","email"
"01KC9XCGN4J2NQXTKAEB3GMS1C","EN Clone Suivi commandes + excuses","Sent","2025-12-12T19:15:29.665808+00:00","email"
"01KC7H1S193XYKGE1VR883WGKW","Clone Suivi commandes + excuses","Sent","2025-12-12T14:13:22.915627+00:00","email"
"01KBZFQN1GV29GKPZMS23F3980","AIDE clients QC","Sent","2025-12-08T18:04:27.187680+00:00","email"
"01KBSWTPTCCYQ6FVC00MBYZQQ5","fin prochaine concours","Sent","2025-12-06T14:15:00+00:00","email"
"01KBSSGSVZ5C09XM0GNQRDC5MY","Campaign Dec 6, 2025, 7:17 AM","Sent","2025-12-06T13:30:00+00:00","email"
"01KBJ9BSQX1P43WRFG6FCM3BAM","Manteaux suivi","Sent","2025-12-03T14:25:52.187121+00:00","email"
"01KBJ8Q2DGN26GMQW7DMD4BFWW","follow-up mercredi Récolte infolettre nov","Sent","2025-12-03T14:15:00+00:00","email"
"01KBFXJHXRFA9W46WQ3J1TNAG9","Vérification grandeur mitaines FR","Sent","2025-12-02T17:04:14.543027+00:00","email"
"01KB6QTM717TJ7Z5882ZBZNRQS","Récolte infolettre nov","Sent","2025-11-29T12:00:00+00:00","email"
"01KB6N354563K7RVPG5BCBE9PM","EN Suivi commandes + excuses","Draft","","email"
"01KB3DC1H6C3RJS69PS2V1VWH9","Suivi commandes + excuses","Sent","2025-11-28T21:00:58.526464+00:00","email"
"01KB0BNYPN4GG0T6MC70AQPAC7","Follow-up fall contest + warmup EN","Sent","2025-11-26T15:30:00+00:00","email"
"01KB0BK2HEWQN05N95KG0ZPS3M","follow-up mercredi Concours automne 2025 + collab et matieres","Sent","2025-11-26T15:30:00+00:00","email"
"01KAMNBT6TT2TRXNPJK3JY03GE","Clone fall contest + warmup EN","Sent","2025-11-22T13:00:00+00:00","email"
"01KAMMHCGH44M4CS69MHAQ8MJQ","Concours automne 2025 + collab et matieres","Sent","2025-11-22T12:00:00+00:00","email"
"01KACBFSZ034G8NG4RF4FT3217","Clone Follow-up fall contest + warmup EN","Sent","2025-11-19T12:45:00+00:00","email"
"01KACBE0JZF4SACXNE33NQZYVS","Clone warmup EN traduit FR","Sent","2025-11-19T12:00:00+00:00","email"
"01KAC1E4SAS262X55W9G1FDV2B","Manteaux suivi EN","Sent","2025-11-18T17:56:14.989720+00:00","email"
"01KABYEXQ5P72YFXBB8EKQHPBD","Campaign Nov 18, 2025, 11:58 AM","Sent","2025-11-18T17:50:07.772855+00:00","email"
"01KABWRGVVSBKMV3K00EZN7Q3P","EN Retard mitaines urbaines","Sent","2025-11-18T16:49:17.520108+00:00","email"
"01KABV76115NP178V6MZGFWA5B","Retard mitaines urbaines","Sent","2025-11-18T16:27:07.291650+00:00","email"
"01KA6K7S2XAR4HCY0WDBHPBTAN","Fall contest 2025","Sent","2025-11-16T15:18:26.701734+00:00","email"
"01KA1SGBP1CHPZNVM2FKHKEXSM","défricheuses","Sent","2025-11-14T18:50:23.581482+00:00","email"
"01KA1DRDD4HJ44AE8PYAKWKF26","warmup EN traduit FR","Sent","2025-11-15T12:00:00+00:00","email"
"01K9RBQ1T4PANM6ESC0A9XHCV6","Follow-up fall contest + warmup EN","Sent","2025-11-13T07:15:00+00:00","email"
"01K9RB86W064WYAKWN42BD1ZJ0","Follow-up jeudi Concours automne 2025 + Imparfaits","Sent","2025-11-13T11:45:00+00:00","email"
"01K9GQJ8AGFXMMRGZCTTAWCPST","fall contest + warmup EN","Sent","2025-11-08T13:30:00+00:00","email"
"01K9G42RSECX50ZANA68HK7DEK","Follow-up 3 Concours automne 2025 + Imparfaits","Sent","2025-11-08T12:15:00+00:00","email"
"01K9B5V4BP3PGMYH0DHN2S59J7","Clone Suivi précommande Acheteur #2","Sent","2025-11-05T23:33:27.355845+00:00","email"
"01K9ADBWDM43Z3F9Z73WJ39M2R","Suivi précommande Acheteur #2","Sent","2025-11-05T16:47:18.970396+00:00","email"
"01K9AD8VT2YSN3GQQCZJFQ5257","Follow-up #2 EN Concours automne 2025 + Lancement mini-collection Asclépiade et Monarque","Sent","2025-11-05T16:24:03.444326+00:00","email"
"01K9AD6M3JKB3N2QYMG3P3W654","Follow-up 2 Concours automne 2025 + Lancement mini-collection Asclépiade et Monarque","Sent","2025-11-05T16:22:49.106834+00:00","email"
"01K8YETKNGB4JHXZNXJM035MGB","Clone Follow-up Concours automne 2025 + Lancement mini-collection Asclépiade et Monarque","Sent","2025-11-01T13:00:00+00:00","email"
"01K8XE6FNF6QJ55MZ2FYAQ3VED","Follow-up Concours automne 2025 + Lancement mini-collection Asclépiade et Monarque","Sent","2025-11-01T12:00:00+00:00","email"
"01K8BY8BHP3KE3QQN03SPSHWEH","Suivi manteaux oct","Sent","2025-10-25T12:00:00+00:00","email"
"01K84NYGT22FRFNSYE0WD7FQ1M","follow-up Fall contest 2025","Sent","2025-10-23T10:00:00+00:00","email"
"01K84N7TF8PQCC76T8REM00QMP","follow-up Concours automne 2025","Sent","2025-10-23T13:45:00+00:00","email"
"01K7Y52RJB7N7BKMBWSA57D03E","Fall contest 2025","Sent","2025-10-19T13:05:30.698208+00:00","email"
"01K7Q0EEBHZKBJYT9V136S0MG9","Concours automne 2025","Sent","2025-10-18T11:30:00+00:00","email"
"01K7A06TW1GGD89WRQ26FSQCEW","[Follow-up] 2025 (EN) Fall headbands etc.","Sent","2025-10-18T09:00:00+00:00","email"
"01K7782BAX07V938MFYP5JHPQF","2025 (EN) Fall headbands etc.","Sent","2025-10-11T09:00:00+00:00","email"
"01K77620F5WQ7YZQ7E54PA0PDB","2025 (FR) Automne bandeaux etc.","Sent","2025-10-11T11:30:00+00:00","email"
"01K5M3925D1X8KJ2PGH9RYAA86","Précommande follow-up #2 FR non-acheteur","Sent","2025-09-27T12:00:00+00:00","email"
"01K5J728616HC4CXNYWRPHX1YC","Suivi précommande Acheteur","Sent","2025-09-20T12:00:00+00:00","email"
"01K5J6W1DRQECVWR86YXTMZ6FT","Précommande follow-up FR non-acheteur","Sent","2025-09-20T12:00:00+00:00","email"
"01K5J5762CVXJ9CTC9XCRKV9WG","Suivi manteaux","Sent","2025-09-20T12:00:00+00:00","email"
"01K4X85QT1JD14QGZ3SC5AGREE","Warmup #4 EN presale 2025","Sent","2025-09-13T11:55:00+00:00","email"
"01K4X7Q0CHJE6V54862V8W7PGP","Réchauffement #4 FR Prévente 2025","Sent","2025-09-13T11:55:00+00:00","email"
"01K4V58DY7BR4B6SK4MA7XNW1Q","Warmup #3 EN presale 2025","Sent","2025-09-11T15:15:00+00:00","email"
"01K4TKZYJKRWVGTTMNFWYYWJ7H","Réchauffement #3 FR Prévente 2025","Sent","2025-09-11T14:30:00+00:00","email"
"01K4TK8YBQRRW3Q594W2PYJAV3","follow-up Warmup presale 2025 #2","Sent","2025-09-11T15:00:00+00:00","email"
"01K4TJR71KRRTXB925DQKJ31Z5","follow-up Réchauffement prévente 2025 #2 FR","Sent","2025-09-11T15:00:00+00:00","email"
"01K4FNF05Q4V5JYEEW6KKNFC8P","Réchauffement prévente 2025 #2","Sent","2025-09-06T14:15:00+00:00","email"
"01K4FC5QGHFSN9C5272PXQ5WG1","Warm-up presale 2025 #2 EN","Sent","2025-09-06T13:15:00+00:00","email"
"01K4FBQBKCEFETQ5FZWMMRYQBJ","follow-up Warmup presale 2025 #1","Sent","2025-09-06T13:00:00+00:00","email"
"01K4FBE9EXEK73MFCS6DP4XVK6","follow-up Réchauffement prévente 2025 #1 FR","Sent","2025-09-06T11:30:00+00:00","email"
"01K3WBN3D075B8VP7WXC2052YV","Warmup presale 2025 #1","Sent","2025-08-30T13:00:00+00:00","email"
"01K3VM1B33E37HQ7P05V9MVPTG","Réchauffement prévente 2025 #1 FR","Sent","2025-08-30T12:00:00+00:00","email"
"01K3V8S7X2YEW6QSQDVS8X14PC","test cath","Draft","","email"
